x_over_Lp,p_sim_shifted_over_pinf,p_digitized_over_pinf,digitization_uncertainty,difference_shifted_sim_minus_digitized,absolute_difference,gap_beyond_digitization_uncertainty
0.0,1.063208367768595,1.042629482071713,0.01081670667191,0.020578885696882043,0.020578885696882043,0.009762179024972043
0.002506265664160401,1.063208367768595,1.048605577689243,0.004932480719240798,0.014602790079352168,0.014602790079352168,0.00967030936011137
0.005012531328320802,1.063208367768595,1.048605577689243,0.0049324807192408,0.014602790079352168,0.014602790079352168,0.009670309360111368
0.007518796992481203,1.063208367768595,1.048605577689243,0.0049324807192408,0.014602790079352168,0.014602790079352168,0.009670309360111368
0.010025062656641603,1.063208367768595,1.048605577689243,0.0049324807192408,0.014602790079352168,0.014602790079352168,0.009670309360111368
0.012531328320802004,1.063208367768595,1.048605577689243,0.0049324807192408,0.014602790079352168,0.014602790079352168,0.009670309360111368
0.015037593984962405,1.063208367768595,1.0486055776892431,0.0049324807192408,0.014602790079351946,0.014602790079351946,0.009670309360111146
0.017543859649122806,1.063208367768595,1.048605577689243,0.004932480719240799,0.014602790079352168,0.014602790079352168,0.00967030936011137
0.020050125313283207,1.063208367768595,1.048605577689243,0.0049324807192408,0.014602790079352168,0.014602790079352168,0.009670309360111368
0.022556390977443608,1.063208367768595,1.048605577689243,0.0049324807192408,0.014602790079352168,0.014602790079352168,0.009670309360111368
0.02506265664160401,1.063208367768595,1.048605577689243,0.0049324807192408,0.014602790079352168,0.014602790079352168,0.009670309360111368
0.02756892230576441,1.063208367768595,1.048605577689243,0.0049324807192408,0.014602790079352168,0.014602790079352168,0.009670309360111368
0.03007518796992481,1.063208367768595,1.048605577689243,0.0049324807192408,0.014602790079352168,0.014602790079352168,0.009670309360111368
0.03258145363408521,1.063208367768595,1.048605577689243,0.0049324807192408,0.014602790079352168,0.014602790079352168,0.009670309360111368
0.03508771929824561,1.063208367768595,1.048605577689243,0.0049324807192408,0.014602790079352168,0.014602790079352168,0.009670309360111368
0.03759398496240601,1.063208367768595,1.048605577689243,0.0049324807192408,0.014602790079352168,0.014602790079352168,0.009670309360111368
0.040100250626566414,1.063208367768595,1.048605577689243,0.0049324807192408,0.014602790079352168,0.014602790079352168,0.009670309360111368
0.042606516290726815,1.063208367768595,1.048605577689243,0.0049324807192408,0.014602790079352168,0.014602790079352168,0.009670309360111368
0.045112781954887216,1.063208367768595,1.048605577689243,0.0049324807192408,0.014602790079352168,0.014602790079352168,0.009670309360111368
0.047619047619047616,1.063208367768595,1.048605577689243,0.0049324807192408,0.014602790079352168,0.014602790079352168,0.009670309360111368
0.05012531328320802,1.063208367768595,1.048605577689243,0.0049324807192408,0.014602790079352168,0.014602790079352168,0.009670309360111368
0.05263157894736842,1.063208367768595,1.048605577689243,0.0049324807192408,0.014602790079352168,0.014602790079352168,0.009670309360111368
0.05513784461152882,1.063208367768595,1.048605577689243,0.0049324807192408,0.014602790079352168,0.014602790079352168,0.009670309360111368
0.05764411027568922,1.063208367768595,1.048605577689243,0.0049324807192408,0.014602790079352168,0.014602790079352168,0.009670309360111368
0.06015037593984962,1.063208367768595,1.048605577689243,0.0049324807192408,0.014602790079352168,0.014602790079352168,0.009670309360111368
0.06265664160401002,1.063208367768595,1.048605577689243,0.0049324807192408,0.014602790079352168,0.014602790079352168,0.009670309360111368
0.06516290726817042,1.063208367768595,1.048605577689243,0.0049324807192408,0.014602790079352168,0.014602790079352168,0.009670309360111368
0.06766917293233082,1.063208367768595,1.048605577689243,0.0049324807192408,0.014602790079352168,0.014602790079352168,0.009670309360111368
0.07017543859649122,1.0632038184163393,1.048605577689243,0.0049324807192408,0.014598240727096368,0.014598240727096368,0.009665760007855568
0.07268170426065163,1.0630007781037905,1.048605577689243,0.0049324807192408,0.01439520041454756,0.01439520041454756,0.00946271969530676
0.07518796992481203,1.0628018530416306,1.048605577689243,0.0049324807192408,0.014196275352387655,0.014196275352387655,0.009263794633146855
0.07769423558897243,1.0626130729655179,1.048605577689243,0.0049324807192408,0.014007495276274984,0.014007495276274984,0.009075014557034184
0.08020050125313283,1.0624301278015373,1.048605577689243,0.0049324807192408,0.013824550112294443,0.013824550112294443,0.008892069393053642
0.08270676691729323,1.0622589941601905,1.048605577689243,0.0049324807192408,0.013653416470947644,0.013653416470947644,0.008720935751706843
0.08521303258145363,1.0620904580666597,1.048605577689243,0.0049324807192408,0.013484880377416797,0.013484880377416797,0.008552399658175997
0.08771929824561403,1.0619378195370606,1.048605577689243,0.0049324807192408,0.013332241847817672,0.013332241847817672,0.008399761128576872
0.09022556390977443,1.0617852019290823,1.048605577689243,0.0049324807192408,0.013179624239839427,0.013179624239839427,0.008247143520598627
0.09273182957393483,1.0616454986477382,1.048605577689243,0.0049324807192408,0.013039920958495266,0.013039920958495266,0.008107440239254466
0.09523809523809523,1.061510237394887,1.048605577689243,0.0049324807192408,0.01290465970564414,0.01290465970564414,0.007972178986403339
0.09774436090225563,1.061377970952495,1.048605577689243,0.0049324807192408,0.01277239326325219,0.01277239326325219,0.00783991254401139
0.10025062656641603,1.061259411748206,1.048605577689243,0.0049324807192408,0.012653834058963032,0.012653834058963032,0.0077213533397222315
0.10275689223057644,1.0611409556843894,1.048605577689243,0.0049324807192408,0.01253537799514648,0.01253537799514648,0.007602897275905679
0.10526315789473684,1.0610313811457708,1.048605577689243,0.0049324807192408,0.012425803456527884,0.012425803456527884,0.007493322737287084
0.10776942355889724,1.0609309777114913,1.048605577689243,0.0049324807192408,0.012325400022248356,0.012325400022248356,0.007392919303007556
0.11027568922305764,1.0608304626487288,1.048605577689243,0.0049324807192408,0.012224884959485927,0.012224884959485927,0.0072924042402451265
0.11278195488721804,1.060744637117966,1.048605577689243,0.0049324807192408,0.012139059428723176,0.012139059428723176,0.007206578709482376
0.11528822055137844,1.0606638063426155,1.048605577689243,0.0049324807192408,0.012058228653372582,0.012058228653372582,0.007125747934131782
0.11779448621553884,1.0605828958148147,1.048605577689243,0.0049324807192408,0.01197731812557179,0.01197731812557179,0.00704483740633099
0.12030075187969924,1.0605211096485512,1.048605577689243,0.0049324807192408,0.011915531959308279,0.011915531959308279,0.006983051240067479
0.12280701754385964,1.0604595114862083,1.048605577689243,0.0049324807192408,0.011853933796965421,0.011853933796965421,0.006921453077724621
0.12531328320802004,1.0604036300029258,1.048605577689243,0.0049324807192408,0.011798052313682916,0.011798052313682916,0.006865571594442116
0.12781954887218044,1.0603586076030052,1.048605577689243,0.0049324807192408,0.011753029913762258,0.011753029913762258,0.006820549194521458
0.13032581453634084,1.060313790902712,1.048605577689243,0.0049324807192408,0.011708213213469154,0.011708213213469154,0.006775732494228354
0.13283208020050125,1.0602794239433047,1.048605577689243,0.0049324807192408,0.01167384625406176,0.01167384625406176,0.006741365534820959
0.13533834586466165,1.06024765276389,1.048605577689243,0.0049324807192408,0.011642075074647096,0.011642075074647096,0.006709594355406296
0.13784461152882205,1.0602203581458471,1.048605577689243,0.0049324807192408,0.011614780456604246,0.011614780456604246,0.0066822997373634455
0.14035087719298245,1.0601981701990497,1.048605577689243,0.0049324807192408,0.01159259250980682,0.01159259250980682,0.0066601117905660204
0.14285714285714285,1.0601784505110912,1.048605577689243,0.0049324807192408,0.011572872821848268,0.011572872821848268,0.006640392102607468
0.14536340852130325,1.0601630967900884,1.048605577689243,0.0049324807192408,0.01155751910084546,0.01155751910084546,0.006625038381604659
0.14786967418546365,1.0601496243626898,1.048605577689243,0.0049324807192408,0.011544046673446884,0.011544046673446884,0.006611565954206084
0.15037593984962405,1.0601389760895001,1.048605577689243,0.0049324807192408,0.011533398400257244,0.011533398400257244,0.006600917681016444
0.15288220551378445,1.060130116368628,1.048605577689243,0.0049324807192408,0.011524538679385188,0.011524538679385188,0.006592057960144388
0.15538847117794485,1.0601229822225857,1.048605577689243,0.0049324807192408,0.011517404533342823,0.011517404533342823,0.006584923814102023
0.15789473684210525,1.0601172065031965,1.048605577689243,0.0049324807192408,0.011511628813953623,0.011511628813953623,0.006579148094712823
0.16040100250626566,1.0601139290656376,1.048605577689243,0.0049324807192408,0.011508351376394721,0.011508351376394721,0.006575870657153921
0.16290726817042606,1.0601125960201734,1.048605577689243,0.0049324807192408,0.011507018330930485,0.011507018330930485,0.006574537611689685
0.16541353383458646,1.060112948808098,1.048605577689243,0.0049324807192408,0.011507371118855136,0.011507371118855136,0.006574890399614336
0.16791979949874686,1.0601166388531622,1.048605577689243,0.0049324807192408,0.011511061163919312,0.011511061163919312,0.0065785804446785116
0.17042606516290726,1.0601207667103814,1.048605577689243,0.0049324807192408,0.011515189021138461,0.011515189021138461,0.006582708301897661
0.17293233082706766,1.0601258276873449,1.048605577689243,0.0049324807192408,0.011520249998101972,0.011520249998101972,0.006587769278861172
0.17543859649122806,1.0601316790130575,1.048605577689243,0.0049324807192408,0.011526101323814597,0.011526101323814597,0.006593620604573797
0.17794486215538846,1.0601396687283984,1.048605577689243,0.0049324807192408,0.01153409103915548,0.01153409103915548,0.006601610319914681
0.18045112781954886,1.060149774248232,1.048605577689243,0.0049324807192408,0.011544196558989084,0.011544196558989084,0.006611715839748284
0.18295739348370926,1.0601623194213043,1.048605577689243,0.0049324807192408,0.011556741732061449,0.011556741732061449,0.006624261012820648
0.18546365914786966,1.0601773899135587,1.048605577689243,0.0049324807192408,0.011571812224315803,0.011571812224315803,0.006639331505075003
0.18796992481203006,1.0601942051857378,1.048605577689243,0.0049324807192408,0.011588627496494919,0.011588627496494919,0.006656146777254119
0.19047619047619047,1.06021235778013,1.048605577689243,0.0049324807192408,0.011606780090887003,0.011606780090887003,0.006674299371646203
0.19298245614035087,1.0602310930436043,1.048605577689243,0.0049324807192408,0.011625515354361404,0.011625515354361404,0.006693034635120604
0.19548872180451127,1.0602501291775797,1.048605577689243,0.0049324807192408,0.011644551488336763,0.011644551488336763,0.006712070769095963
0.19799498746867167,1.0602692320065454,1.048605577689243,0.0049324807192408,0.011663654317302541,0.011663654317302541,0.006731173598061741
0.20050125313283207,1.0602885699159588,1.048605577689243,0.0049324807192408,0.011682992226715871,0.011682992226715871,0.006750511507475071
0.20300751879699247,1.0603085971839405,1.048605577689243,0.0049324807192408,0.011703019494697653,0.011703019494697653,0.006770538775456853
0.20551378446115287,1.0603288517404037,1.048605577689243,0.004932480719240801,0.011723274051160804,0.011723274051160804,0.006790793331920003
0.20802005012531327,1.0603503765097197,1.046613545816733,0.004966700520090307,0.013736830692986812,0.013736830692986812,0.008770130172896505
0.21052631578947367,1.0603723174970145,1.046613545816733,0.0051812913292512,0.013758771680281612,0.013758771680281612,0.008577480351030412
0.21303258145363407,1.0603964238939327,1.046613545816733,0.0051812913292512,0.0137828780771998,0.0137828780771998,0.0086015867479486
0.21553884711779447,1.0604208993533857,1.046613545816733,0.0051812913292512,0.013807353536652744,0.013807353536652744,0.008626062207401544
0.21804511278195488,1.0604479478718054,1.046613545816733,0.0051812913292512,0.01383440205507247,0.01383440205507247,0.00865311072582127
0.22055137844611528,1.0604753316373383,1.046613545816733,0.0051812913292512,0.013861785820605377,0.013861785820605377,0.008680494491354177
0.22305764411027568,1.060505488586875,1.046613545816733,0.0051812913292512,0.013891942770142052,0.013891942770142052,0.008710651440890851
0.22556390977443608,1.0605357531044575,1.046613545816733,0.0051812913292512,0.01392220728772453,0.01392220728772453,0.00874091595847333
0.22807017543859648,1.0605692459473137,1.046613545816733,0.0051812913292512,0.013955700130580784,0.013955700130580784,0.008774408801329583
0.23057644110275688,1.0606029478747865,1.046613545816733,0.0051812913292512,0.013989402058053546,0.013989402058053546,0.008808110728802346
0.23308270676691728,1.060638803572402,1.046613545816733,0.0051812913292512,0.014025257755668985,0.014025257755668985,0.008843966426417785
0.23558897243107768,1.0606758471937259,1.046613545816733,0.0051812913292512,0.014062301376992936,0.014062301376992936,0.008881010047741736
0.23809523809523808,1.0607127758648422,1.046613545816733,0.0051812913292512,0.014099230048109312,0.014099230048109312,0.008917938718858112
0.24060150375939848,1.060753673993358,1.046613545816733,0.0051812913292512,0.014140128176625133,0.014140128176625133,0.008958836847373933
0.24310776942355888,1.0607950369084365,1.046613545816733,0.0051812913292512,0.014181491091703524,0.014181491091703524,0.009000199762452324
0.24561403508771928,1.060836540012105,1.046613545816733,0.0051812913292512,0.014222994195371985,0.014222994195371985,0.009041702866120785
0.24812030075187969,1.060883457058746,1.046613545816733,0.0051812913292512,0.014269911242013045,0.014269911242013045,0.009088619912761844
0.2506265664160401,1.0609314992255072,1.046613545816733,0.0051812913292512,0.014317953408774287,0.014317953408774287,0.009136662079523086
0.2531328320802005,1.0609793941344339,1.046613545816733,0.0051812913292512,0.014365848317700936,0.014365848317700936,0.009184556988449735
0.2556390977443609,1.0610301144357766,1.046613545816733,0.0051812913292512,0.014416568619043613,0.014416568619043613,0.009235277289792412
0.2581453634085213,1.0610875579608803,1.046613545816733,0.0051812913292512,0.014474012144147341,0.014474012144147341,0.009292720814896141
0.2606516290726817,1.0611448070400242,1.046613545816733,0.0051812913292512,0.014531261223291292,0.014531261223291292,0.009349969894040092
0.2631578947368421,1.0612018811755832,1.046613545816733,0.0051812913292512,0.01458833535885029,0.01458833535885029,0.00940704402959909
0.2656641604010025,1.061265758273184,1.046613545816733,0.0051812913292512,0.014652212456450986,0.014652212456450986,0.009470921127199786
0.2681704260651629,1.0613342149455482,1.046613545816733,0.0051812913292512,0.014720669128815311,0.014720669128815311,0.009539377799564111
0.2706766917293233,1.0614028694892106,1.046613545816733,0.0051812913292512,0.01478932367247765,0.01478932367247765,0.00960803234322645
0.2731829573934837,1.0614717382392234,1.046613545816733,0.0051812913292512,0.014858192422490424,0.014858192422490424,0.009676901093239224
0.2756892230576441,1.0615550270864964,1.046613545816733,0.0051812913292512,0.014941481269763468,0.014941481269763468,0.009760189940512268
0.2781954887218045,1.0616396338890541,1.046613545816733,0.0051812913292512,0.015026088072321198,0.015026088072321198,0.009844796743069997
0.2807017543859649,1.061724009842016,1.046613545816733,0.0051812913292512,0.015110464025283044,0.015110464025283044,0.009929172696031843
0.2832080200501253,1.0618122267245091,1.046613545816733,0.0051812913292512,0.015198680907776208,0.015198680907776208,0.010017389578525007
0.2857142857142857,1.0619158149318801,1.046613545816733,0.0051812913292512,0.015302269115147205,0.015302269115147205,0.010120977785896004
0.2882205513784461,1.0620197611819981,1.046613545816733,0.0051812913292512,0.015406215365265208,0.015406215365265208,0.010224924036014008
0.2907268170426065,1.0621239998431964,1.046613545816733,0.0051812913292512,0.01551045402646345,0.01551045402646345,0.010329162697212249
0.2932330827067669,1.0622393951524,1.046613545816733,0.0051812913292512,0.01562584933566713,0.01562584933566713,0.01044455800641593
0.2957393483709273,1.0623656262723862,1.046613545816733,0.0051812913292512,0.01575208045565324,0.01575208045565324,0.010570789126402039
0.2982456140350877,1.062492226751726,1.046613545816733,0.0051812913292512,0.015878680934993117,0.015878680934993117,0.010697389605741917
0.3007518796992481,1.062619271888133,1.046613545816733,0.0051812913292512,0.01600572607140016,0.01600572607140016,0.010824434742148961
0.3032581453634085,1.062761246602645,1.046613545816733,0.0051812913292512,0.0161477007859121,0.0161477007859121,0.0109664094566609
0.3057644110275689,1.0629063602939663,1.046613545816733,0.0051812913292512,0.016292814477233408,0.016292814477233408,0.011111523147982208
0.3082706766917293,1.0630509573219054,1.046613545816733,0.0051812913292512,0.016437411505172417,0.016437411505172417,0.011256120175921216
0.3107769423558897,1.0631958484251423,1.046613545816733,0.0049667005200903,0.016582302608409316,0.016582302608409316,0.011615602088319016
0.3132832080200501,1.0633464851080827,1.048605577689243,0.0059952967859256,0.014740907418839821,0.014740907418839821,0.008745610632914222
0.3157894736842105,1.0634976820382023,1.048605577689243,0.0082537654774386,0.014892104348959379,0.014892104348959379,0.006638338871520778
0.3182957393483709,1.0636493868401984,1.0505976095617529,0.0063975009624203,0.013051777278445531,0.013051777278445531,0.006654276316025231
0.3208020050125313,1.0638045708587514,1.048605577689243,0.0053104398952346,0.015198993169508457,0.015198993169508457,0.009888553274273857
0.3233082706766917,1.0639644504959453,1.0505976095617529,0.0045656435246293,0.013366840934192492,0.013366840934192492,0.008801197409563193
0.3258145363408521,1.064124619989767,1.0505976095617529,0.004848370066909,0.013527010428014075,0.013527010428014075,0.008678640361105074
0.3283208020050125,1.064285123595786,1.0525896414342628,0.0048930793435382,0.011695482161523163,0.011695482161523163,0.006802402817984963
0.3308270676691729,1.0639215739550523,1.0565737051792827,0.0057983394217825,0.007347868775769539,0.007347868775769539,0.0015495293539870393
0.3333333333333333,1.063335244076114,1.058565737051793,0.0065248268976374,0.004769507024320996,0.004769507024320996,0.0
0.3358395989974937,1.0627272297014936,1.0605577689243026,0.0078788052989671,0.0021694607771909347,0.0021694607771909347,0.0
0.3383458646616541,1.062139096471805,1.0605577689243026,0.0089567174674434,0.001581327547502287,0.001581327547502287,0.0
0.3408521303258145,1.0640903526784018,1.0625498007968126,0.009201896788277,0.0015405518815891917,0.0015405518815891917,0.0
0.3433583959899749,1.066083330384178,1.0645418326693226,0.0101924852690284,0.0015414977148553444,0.0015414977148553444,0.0
0.3458646616541353,1.068118802004198,1.0665338645418323,0.0120384242246502,0.0015849374623657653,0.0015849374623657653,0.0
0.3483709273182957,1.0684187841562391,1.0705179282868524,0.0130621634518898,-0.002099144130613295,0.002099144130613295,0.0
0.3508771929824561,1.0649364786298896,1.0745019920318724,0.0102114590800181,-0.00956551340198275,0.00956551340198275,0.0
0.3533834586466165,1.0615273680309731,1.0824701195219122,0.0039886160950999,-0.02094275149093905,0.02094275149093905,0.01695413539583915
0.3558897243107769,1.0581863739723971,1.090438247011952,0.0034555560150273,-0.0322518730395549,0.0322518730395549,0.0287963170245276
0.3583959899749373,1.0805738881958722,1.1003984063745018,0.0037186257834931,-0.019824518178629624,0.019824518178629624,0.016105892395136524
0.3609022556390977,1.118810126700993,1.1083665338645416,0.0035590386296155,0.010443592836451243,0.010443592836451243,0.006884554206835743
0.3634085213032581,1.1570351898749212,1.1282868525896417,0.0033704831252666916,0.02874833728527948,0.02874833728527948,0.025377854160012786
0.3659147869674185,1.1952483688379572,1.1432270916334661,0.00671862138330085,0.05202127720449101,0.05202127720449101,0.04530265582119016
0.3684210526315789,1.231254413154622,1.1521912350597612,0.009792955704189095,0.07906317809486074,0.07906317809486074,0.06927022239067165
0.37092731829573933,1.2670572802153628,1.1721115537848608,0.007712876807701049,0.09494572643050203,0.09494572643050203,0.08723284962280098
0.37343358395989973,1.3028466546668471,1.1920318725099603,0.003169898536080344,0.11081478215688678,0.11081478215688678,0.10764488362080643
0.37593984962406013,1.3381081437477347,1.2268924302788853,0.004502996886971237,0.1112157134688494,0.1112157134688494,0.10671271658187816
0.37844611528822053,1.3715480390324828,1.2537848605577695,0.0045551467207010045,0.11776317847471329,0.11776317847471329,0.11320803175401228
0.38095238095238093,1.4050172377833219,1.2816733067729091,0.010825788950311138,0.12334393101041274,0.12334393101041274,0.1125181420601016
0.38345864661654133,1.4385100008071734,1.2956175298804784,0.021341467480868834,0.142892470926695,0.142892470926695,0.12155100344582616
0.38596491228070173,1.4649043326210074,1.3673306772908382,0.026535791503353317,0.09757365533016915,0.09757365533016915,0.07103786382681583
0.38847117794486213,1.4848237925660874,1.4091633466135467,0.013501211950134023,0.07566044595254073,0.07566044595254073,0.06215923400240671
0.39097744360902253,1.5047484235421227,1.4390438247011956,0.009157086368605898,0.06570459884092705,0.06570459884092705,0.056547512472321156
0.39348370927318294,1.5246791809695996,1.4808764940239052,0.007245263521561044,0.04380268694569445,0.04380268694569445,0.0365574234241334
0.39598997493734334,1.53855090179378,1.5007968127490043,0.007711184993258211,0.03775408904477562,0.03775408904477562,0.030042904051517407
0.39849624060150374,1.551132096100274,1.530677290836654,0.003312554288488803,0.02045480526361998,0.02045480526361998,0.017142250975131175
0.40100250626566414,1.5637103882943983,1.5505976095617533,0.005463160199084648,0.013112778732645047,0.013112778732645047,0.007649618533560399
0.40350877192982454,1.576196075295845,1.5665338645418327,0.009399613824277387,0.009662210754012301,0.009662210754012301,0.0002625969297349144
0.40601503759398494,1.5880564143463705,1.5904382470119527,0.013711055675235187,-0.0023818326655822286,0.0023818326655822286,0.0
0.40852130325814534,1.599917293737438,1.600398406374502,0.011892829459844175,-0.0004811126370640739,0.0004811126370640739,0.0
0.41102756892230574,1.6117786546111361,1.6243027888446218,0.008439299095584121,-0.01252413423348564,0.01252413423348564,0.0040848351379015185
0.41353383458646614,1.6221433626987032,1.6262948207171313,0.005844061802594143,-0.004151458018428089,0.004151458018428089,0.0
0.41604010025062654,1.6305040354006963,1.6322709163346614,0.0037255082846314536,-0.0017668809339650426,0.0017668809339650426,0.0
0.41854636591478694,1.6388617732099744,1.6561752988047815,0.0024173132156439714,-0.017313525594807144,0.017313525594807144,0.014896212379163172
0.42105263157894735,1.6472160115084131,1.664143426294821,0.002417313215644201,-0.0169274147864078,0.0169274147864078,0.0145101015707636
0.42355889724310775,1.6538113714786031,1.6701195219123508,0.0034973165156493235,-0.01630815043374767,0.01630815043374767,0.012810833918098346
0.42606516290726815,1.6597550233772551,1.6701195219123506,0.002762956456644684,-0.010364498535095468,0.010364498535095468,0.007601542078450783
0.42857142857142855,1.6657012168421719,1.6741035856573707,0.0023870956126026918,-0.008402368815198846,0.008402368815198846,0.006015273202596155
0.43107769423558895,1.6715785420708518,1.6760956175298807,0.002427302155782703,-0.0045170754590289075,0.0045170754590289075,0.0020897733032462047
0.43358395989974935,1.6752056633975339,1.6780876494023906,0.002797766729567508,-0.0028819860048567847,0.0028819860048567847,8.421927528927658e-05
0.43609022556390975,1.6788257183368018,1.6860557768924307,0.002908023748406702,-0.00723005855562886,0.00723005855562886,0.004322034807222158
0.43859649122807015,1.6824387136755614,1.6880478087649404,0.0024766426105048943,-0.005609095089379013,0.005609095089379013,0.0031324524788741183
0.44110275689223055,1.6853145992232264,1.6900398406374502,0.002544112149798098,-0.004725241414223813,0.004725241414223813,0.0021811292644257152
0.44360902255639095,1.6867155694321005,1.6900398406374502,0.0035042282151100212,-0.003324271205349616,0.003324271205349616,0.0
0.44611528822055135,1.6881095856265353,1.69203187250996,0.0058770910266950525,-0.003922286883424553,0.003922286883424553,0.0
0.44862155388471175,1.6894969083892653,1.69203187250996,0.007912514849361646,-0.0025349641206946494,0.0025349641206946494,0.0
0.45112781954887216,1.6899502500347776,1.69203187250996,0.008959418528260505,-0.0020816224751822876,0.0020816224751822876,0.0
0.45363408521303256,1.6898676635303924,1.69203187250996,0.009506636425150662,-0.0021642089795674835,0.0021642089795674835,0.0
0.45614035087719296,1.6897920003228641,1.69203187250996,0.010053854322040784,-0.0022398721870957594,0.0022398721870957594,0.0
0.45864661654135336,1.689723567309589,1.69203187250996,0.010017689261237583,-0.0023083052003709525,0.0023083052003709525,0.0
0.46115288220551376,1.688554725671283,1.69203187250996,0.008959418528260498,-0.0034771468386769477,0.0034771468386769477,0.0
0.46365914786967416,1.6873109368729273,1.69203187250996,0.008959418528260512,-0.004720935637032575,0.004720935637032575,0.0
0.46616541353383456,1.686068643094017,1.69203187250996,0.00895941852826047,-0.00596322941594285,0.00596322941594285,0.0
0.46867167919799496,1.6847304117350683,1.69203187250996,0.00791251484936159,-0.007301460774891577,0.007301460774891577,0.0
0.47117794486215536,1.6830795909283254,1.69203187250996,0.006882167592060557,-0.008952281581634525,0.008952281581634525,0.002070113989573968
0.47368421052631576,1.6814313740850158,1.69203187250996,0.004018833315626236,-0.01060049842494415,0.01060049842494415,0.006581665109317913
0.47619047619047616,1.6797852195138172,1.69003984063745,0.0032161953401440837,-0.010254621123632734,0.010254621123632734,0.007038425783488651
0.47869674185463656,1.677833489105193,1.69003984063745,0.002591229340573789,-0.01220635153225702,0.01220635153225702,0.009615122191683232
0.48120300751879697,1.6756192739015954,1.68804780876494,0.0022189962362887923,-0.012428534863344609,0.012428534863344609,0.010209538627055818
0.48370927318295737,1.6734056083380981,1.6860557768924302,0.0025536051385620074,-0.012650168554332097,0.012650168554332097,0.01009656341577009
0.48621553884711777,1.6711925834504195,1.6860557768924305,0.002251471078091893,-0.014863193442010925,0.014863193442010925,0.012611722363919033
0.48872180451127817,1.668775942729874,1.6820717131474103,0.002387095612602603,-0.013295770417536268,0.013295770417536268,0.010908674804933665
0.49122807017543857,1.6663205357991437,1.6780876494023904,0.0023769377128497,-0.01176711360324667,0.01176711360324667,0.00939017589039697
0.49373433583959897,1.6638652673777186,1.6760956175298805,0.0026190928227674054,-0.012230350152161895,0.012230350152161895,0.009611257329394489
0.49624060150375937,1.6613950205370864,1.6760956175298805,0.002325482751186594,-0.014700596992794024,0.014700596992794024,0.01237511424160743
0.49874686716791977,1.6588330104191673,1.6741035856573705,0.0028913348085993127,-0.015270575238203188,0.015270575238203188,0.012379240429603875
0.5012531328320802,1.6562707067059281,1.6731075697211155,0.0028903662591092,-0.016836863015187387,0.016836863015187387,0.013946496756078187
0.5037593984962405,1.653708145758321,1.6711155378486053,0.00284791778044505,-0.017407392090284413,0.017407392090284413,0.014559474309839362
0.506265664160401,1.651139650287449,1.6701195219123506,0.002806401832599206,-0.018979871624901667,0.018979871624901667,0.016173469792302463
0.5087719298245614,1.6485637043029122,1.6681274900398406,0.0036859482976513,-0.019563785736928407,0.019563785736928407,0.015877837439277107
0.5112781954887218,1.6459873202898714,1.6681274900398406,0.0035861297046895,-0.02214016974996924,0.02214016974996924,0.01855404004527974
0.5137844611528821,1.6434103959243278,1.6681274900398406,0.0033052417976978,-0.024717094115512817,0.024717094115512817,0.021411852317815016
0.5162907268170426,1.6408794540923592,1.6661354581673309,0.003795904186480698,-0.02525600407497164,0.02525600407497164,0.02146009988849094
0.518796992481203,1.6383645700087124,1.6661354581673309,0.003699053932945511,-0.0277708881586185,0.0277708881586185,0.02407183422567299
0.5213032581453634,1.635850079471662,1.6641434262948207,0.0033052417976977074,-0.02829334682315876,0.02829334682315876,0.024988105025461053
0.5238095238095237,1.6333413989902785,1.6621513944223107,0.002563062967746,-0.02880999543203222,0.02880999543203222,0.02624693246428622
0.5263157894736842,1.6309465548809476,1.6581673306772908,0.002476642610505,-0.02722077579634319,0.02722077579634319,0.024744133185838187
0.5288220551378446,1.6285519036406162,1.6561752988047809,0.0026557894317947,-0.027623395164164677,0.027623395164164677,0.024967605732369978
0.531328320802005,1.6261574414764794,1.6561752988047809,0.00243905874630855,-0.030017857328301423,0.030017857328301423,0.027578798581992872
0.5338345864661653,1.6238184796141248,1.6462151394422309,0.0024766426105048,-0.022396659828106014,0.022396659828106014,0.019920017217601213
0.5363408521303258,1.6215837965779896,1.6462151394422309,0.0024766426105048,-0.02463134286424129,0.02463134286424129,0.02215470025373649
0.5388471177944862,1.6193501691988539,1.6482071713147408,0.0022940558640203003,-0.02885700211588693,0.02885700211588693,0.026562946251866632
0.5413533834586466,1.6171175926769261,1.6482071713147408,0.0025441121497981,-0.031089578637814697,0.031089578637814697,0.028545466488016598
0.5438596491228069,1.6149970287433466,1.6322709163346611,0.0030302624829212,-0.01727388759131454,0.01727388759131454,0.01424362510839334
0.5463659147869674,1.6129377144839439,1.6322709163346611,0.0033704831252668,-0.019333201850717296,0.019333201850717296,0.015962718725450496
0.5488721804511278,1.6108796885949648,1.6322709163346611,0.0032237098254815,-0.021391227739696372,0.021391227739696372,0.01816751791421487
0.5513784461152882,1.6088229835599277,1.6302788844621512,0.0040188333156262,-0.02145590090222349,0.02145590090222349,0.017437067586597292
0.5538847117794485,1.606924574174446,1.6302788844621512,0.0040188333156262,-0.023354310287705182,0.023354310287705182,0.019335476972078984
0.556390977443609,1.6050336211997762,1.6302788844621512,0.0038653857369328,-0.025245263262374973,0.025245263262374973,0.021379877525442174
0.5588972431077694,1.6031417404225148,1.6302788844621512,0.0040188333156264,-0.027137144039636407,0.027137144039636407,0.023118310724010008
0.5614035087719298,1.601287445224488,1.6302788844621512,0.0044475233770384,-0.02899143923766312,0.02899143923766312,0.02454391586062472
0.5639097744360901,1.5995466368723075,1.6302788844621512,0.004137495942909599,-0.03073224758984372,0.03073224758984372,0.02659475164693412
0.5664160401002506,1.5978062160719286,1.6282868525896412,0.0046183359041314,-0.0304806365177126,0.0304806365177126,0.0258623006135812
0.568922305764411,1.5960661065683512,1.6282868525896412,0.0046183359041314,-0.03222074602128999,0.03222074602128999,0.027602410117158593
0.5714285714285714,1.594398234620889,1.6282868525896412,0.0049471753318942,-0.03388861796875231,0.03388861796875231,0.02894144263685811
0.5739348370927317,1.5927885664845585,1.6282868525896412,0.0054808475305034,-0.035498286105082766,0.035498286105082766,0.030017438574579364
0.5764411027568922,1.591178744450676,1.6282868525896412,0.0054808475305034,-0.03710810813896526,0.03710810813896526,0.031627260608461855
0.5789473684210527,1.5895687459688908,1.6262948207171313,0.0052554791413928,-0.03672607474824052,0.03672607474824052,0.03147059560684772
0.581453634085213,1.5880569233717254,1.6262948207171313,0.0052554791413928,-0.038237897345405836,0.038237897345405836,0.032982418204013035
0.5839598997493733,1.5865619453723463,1.624302788844621,0.0057648590153339,-0.0377408434722748,0.0377408434722748,0.0319759844569409
0.5864661654135338,1.5850671740376452,1.624302788844621,0.0057648590153339,-0.039235614806975905,0.039235614806975905,0.03347075579164201
0.5889724310776943,1.5835904134223941,1.624302788844621,0.0059912595485747,-0.04071237542222694,0.04071237542222694,0.034721115873652245
0.5914786967418546,1.5822100632538432,1.624302788844621,0.0073348785243014,-0.042092725590777924,0.042092725590777924,0.03475784706647653
0.593984962406015,1.5808296110291187,1.624302788844621,0.0078757336398644,-0.04347317781550242,0.04347317781550242,0.03559744417563802
0.5964912280701754,1.579449070861978,1.6223107569721114,0.0073150589559222,-0.04286168611013341,0.04286168611013341,0.03554662715421121
0.5989974937343359,1.5781266487181687,1.6203187250996014,0.0076450068651713,-0.04219207638143274,0.04219207638143274,0.03454706951626144
0.6015037593984962,1.5768732457900279,1.6043824701195215,0.0077268581496593,-0.027509224329493653,0.027509224329493653,0.01978236617983435
0.6040100250626566,1.575620322158492,1.6043824701195213,0.0080939141098593,-0.028762147961029383,0.028762147961029383,0.020668233851170083
0.606516290726817,1.5743680061882075,1.6023904382470118,0.0075654686335353,-0.02802243205880428,0.02802243205880428,0.02045696342526898
0.6090225563909775,1.5732187593636198,1.6023904382470118,0.0075654686335353,-0.029171678883392005,0.029171678883392005,0.021606210249856705
0.6115288220551378,1.5721027316222798,1.6003984063745018,0.0070865642287839,-0.028295674752222055,0.028295674752222055,0.021209110523438157
0.6140350877192982,1.5709875283321133,1.6003984063745018,0.0066460756052844,-0.02941087804238851,0.02941087804238851,0.02276480243710411
0.6165413533834586,1.5698810803199095,1.6003984063745018,0.0063671718981541,-0.030517326054592342,0.030517326054592342,0.02415015415643824
0.6190476190476191,1.5688987079425454,1.598406374501992,0.006197709639155,-0.0295076665594467,0.0295076665594467,0.0233099569202917
0.6215538847117794,1.5679153714273608,1.598406374501992,0.006197709639155,-0.030491003074631262,0.030491003074631262,0.024293293435476263
0.6240601503759398,1.5669311071196872,1.596414342629482,0.0057480456830921,-0.029483235509794703,0.029483235509794703,0.023735189826702602
0.6265664160401002,1.5659845424783954,1.596414342629482,0.0057690546920285,-0.03042980015108654,0.03042980015108654,0.02466074545905804
0.6290726817042607,1.5651052980647489,1.596414342629482,0.0063671718981542,-0.031309044564733046,0.031309044564733046,0.024941872666578845
0.631578947368421,1.5642270153414217,1.592430278884462,0.0078695867248674,-0.028203263543040258,0.028203263543040258,0.020333676818172858
0.6340852130325814,1.5633497227120887,1.592430278884462,0.0090427512475843,-0.029080556172373262,0.029080556172373262,0.02003780492478896
0.6365914786967418,1.5625132317891266,1.590438247011952,0.0090427512475843,-0.027925015222825422,0.027925015222825422,0.01888226397524112
0.6390977443609023,1.5616977336011653,1.590438247011952,0.009149155865067302,-0.02874051341078676,0.02874051341078676,0.01959135754571946
0.6416040100250626,1.5608829389601924,1.586454183266932,0.0085927276323351,-0.025571244306739738,0.025571244306739738,0.016978516674404635
0.644110275689223,1.5600688521547448,1.586454183266932,0.0073809172185726,-0.026385331112187327,0.026385331112187327,0.01900441389361473
0.6466165413533834,1.559257764859313,1.5824701195219122,0.0070933897196308,-0.0232123546625993,0.0232123546625993,0.0161189649429685
0.6491228070175439,1.5584463616690014,1.5804780876494022,0.007891079978735,-0.022031725980400818,0.022031725980400818,0.014140646001665818
0.6516290726817042,1.5576344967860332,1.5784860557768925,0.007475381167719,-0.02085155899085933,0.02085155899085933,0.013376177823140331
0.6541353383458646,1.556802048188297,1.5745019920318724,0.0060714942507748,-0.017699943843575427,0.017699943843575427,0.011628449592800627
0.656641604010025,1.555913805424613,1.5725099601593624,0.0058729725321274,-0.01659615473474929,0.01659615473474929,0.010723182202621891
0.6591478696741855,1.5550252409637535,1.5685258964143425,0.0049471753318941,-0.013500655450588983,0.013500655450588983,0.008553480118694883
0.6616541353383458,1.5541364091705323,1.5665338645418323,0.0050440455215337,-0.012397455371299992,0.012397455371299992,0.007353409849766292
0.6641604010025062,1.5531349130413314,1.5645418326693226,0.0051625778005575,-0.011406919627991119,0.011406919627991119,0.006244341827433619
0.6666666666666666,1.5520478670407707,1.558565737051793,0.0052462630376042,-0.00651787001102222,0.00651787001102222,0.0012716069734180196
0.6691729323308271,1.5509608049795438,1.5545816733067728,0.0050870353232277,-0.0036208683272289655,0.0036208683272289655,0.0
0.6716791979949874,1.5498737218905074,1.548605577689243,0.0057438346600485,0.0012681442012645316,0.0012681442012645316,0.0
0.6741854636591478,1.5485028982044091,1.544621513944223,0.0058274769892963,0.003881384260186138,0.003881384260186138,0.0
0.6766917293233082,1.5470318989980323,1.540637450199203,0.0065359424540728,0.006394448798829222,0.006394448798829222,0.0
0.6791979949874687,1.5455611817485049,1.5346613545816732,0.0068079355706016,0.010899827166831688,0.010899827166831688,0.004091891596230088
0.681704260651629,1.54409079365965,1.5346613545816732,0.006878650899142,0.009429439077976776,0.009429439077976776,0.002550788178834776
0.6842105263157894,1.5423481917832635,1.528685258964143,0.0100394039310695,0.013662932819120455,0.013662932819120455,0.003623528888050955
0.6867167919799498,1.540166031340088,1.5266932270916334,0.0098643482318641,0.01347280424845465,0.01347280424845465,0.0036084560165905513
0.6892230576441103,1.5379844677244758,1.5227091633466134,0.0109058170782268,0.015275304377862398,0.015275304377862398,0.004369487299635598
0.6917293233082706,1.535803217821333,1.5187250996015935,0.0109501003466884,0.01707811821973948,0.01707811821973948,0.006128017873051081
0.694235588972431,1.5336228511531187,1.502788844621514,0.0101234071015679,0.03083400653160462,0.03083400653160462,0.020710599430036718
0.6967418546365914,1.531230325475398,1.498804780876494,0.0096058595895264,0.03242554459890412,0.03242554459890412,0.02281968500937772
0.6992481203007519,1.528176655457046,1.494820717131474,0.0093453997246665,0.03335593832557193,0.03335593832557193,0.024010538600905434
0.7017543859649122,1.525122422188253,1.488844621513944,0.0079277899887714,0.03627780067430897,0.03627780067430897,0.02835001068553757
0.7042606516290726,1.5220672923054717,1.4848605577689242,0.0077456240744431,0.03720673453654744,0.03720673453654744,0.029461110462104336
0.706766917293233,1.5190113253139828,1.4788844621513944,0.0092856592031031,0.0401268631625884,0.0401268631625884,0.0308412039594853
0.7092731829573935,1.5159547355667717,1.4749003984063744,0.0092412549524505,0.0410543371603973,0.0410543371603973,0.031813082207946805
0.7117794486215538,1.5122108357220263,1.4689243027888446,0.0074299278315145,0.04328653293318174,0.04328653293318174,0.035856605101667244
0.7142857142857142,1.5081947137651839,1.4649402390438246,0.006635144552482,0.04325447472135924,0.04325447472135924,0.03661933016887724
0.7167919799498746,1.5041772235547528,1.4569721115537848,0.005324091434199,0.047205112000968,0.047205112000968,0.041881020566769
0.7192982456140351,1.5001594346081175,1.450996015936255,0.005000686159602299,0.04916341867186258,0.04916341867186258,0.04416273251226028
0.7218045112781954,1.4961401275107882,1.447011952191235,0.0049275727770106,0.04912817531955316,0.04912817531955316,0.04420060254254256
0.7243107769423558,1.4919325075645407,1.4410358565737051,0.0060555323585482,0.05089665099083551,0.05089665099083551,0.04484111863228731
0.7268170426065163,1.4869199905017945,1.4350597609561753,0.0061703206367813,0.051860229545619196,0.051860229545619196,0.045689908908837895
0.7293233082706767,1.4819080998824827,1.4270916334661354,0.0051625778005571,0.0548164664163473,0.0548164664163473,0.0496538886157902
0.731829573934837,1.4768974669927522,1.4231075697211155,0.0052185170711696,0.05378989727163663,0.05378989727163663,0.04857138020046703
0.7343358395989974,1.471887813991645,1.4151394422310757,0.003455556015027,0.05674837176056924,0.05674837176056924,0.05329281574554224
0.7368421052631579,1.466879065274929,1.4091633466135458,0.0038213163811309,0.05771571866138325,0.05771571866138325,0.05389440228025235
0.7393483709273183,1.4613079309423949,1.401195219123506,0.0052876090074995,0.060112711818888886,0.060112711818888886,0.05482510281138939
0.7418546365914787,1.4554508351684978,1.393227091633466,0.0058770910266949,0.062223743535031906,0.062223743535031906,0.05634665250833701
0.744360902255639,1.44959238686566,1.3872509960159365,0.0048183334118816,0.062341390849723455,0.062341390849723455,0.057523057437841855
0.7468671679197995,1.4437336125376796,1.3772908366533865,0.0033052417976977,0.06644277588429315,0.06644277588429315,0.06313753408659545
0.7493734335839599,1.4378731708156045,1.3733067729083666,0.0033632965859063,0.06456639790723795,0.06456639790723795,0.06120310132133165
0.7518796992481203,1.4319288192503978,1.3653386454183267,0.0035590386296154,0.06659017383207111,0.06659017383207111,0.06303113520245571
0.7543859649122806,1.4254524717230261,1.3593625498007968,0.0028913348085994,0.06608992192222929,0.06608992192222929,0.06319858711362988
0.7568922305764411,1.4189757532958263,1.353386454183267,0.0046235721143216,0.06558929911255929,0.06558929911255929,0.060965726998237685
0.7593984962406015,1.4124980767535595,1.3454183266932271,0.00550287674924,0.0670797500603324,0.0670797500603324,0.0615768733110924
0.7619047619047619,1.406019780006377,1.3434262948207172,0.0037767328306516,0.06259348518565977,0.06259348518565977,0.05881675235500817
0.7644110275689222,1.3995407744492159,1.3414342629482072,0.0039151433535444,0.05810651150100865,0.05810651150100865,0.05419136814746425
0.7669172932330827,1.3928329925861473,1.3334661354581674,0.0079491258712292,0.059366857127979955,0.059366857127979955,0.051417731256750754
0.7694235588972431,1.3859786617908294,1.3135458167330678,0.0118704285625495,0.0724328450577616,0.0724328450577616,0.060562416495212094
0.7719298245614035,1.3791251115741108,1.305577689243028,0.0116896761221111,0.0735474223310828,0.0735474223310828,0.0618577462089717
0.7744360902255638,1.3722718181984583,1.297609561752988,0.0107223437345877,0.07466225644547042,0.07466225644547042,0.06393991271088272
0.7769423558897243,1.3654195000125924,1.2876494023904383,0.0086152254031462,0.07777009762215403,0.07777009762215403,0.06915487221900783
0.7794486215538847,1.358552316424107,1.2836653386454184,0.0074331837159094,0.07488697777868847,0.07488697777868847,0.06745379406277907
0.7819548872180451,1.3515199411948822,1.2776892430278886,0.0066314968641625,0.07383069816699361,0.07383069816699361,0.06719920130283111
0.7844611528822054,1.3444877453029886,1.2737051792828684,0.0063175766344716,0.07078256602012023,0.07078256602012023,0.06446498938564862
0.7869674185463659,1.337456164489672,1.2677290836653383,0.0060515353070513,0.06972708082433376,0.06972708082433376,0.06367554551728247
0.7894736842105263,1.3304249120311589,1.2637450199203186,0.0068398479434799,0.06667989211084024,0.06667989211084024,0.05984004416736034
0.7919799498746867,1.32339412563375,1.2567729083665338,0.0065293218266049505,0.06662121726721626,0.06662121726721626,0.06009189544061131
0.794486215538847,1.3163452074188249,1.2517928286852589,0.0064950924135538,0.06455237873356601,0.06455237873356601,0.05805728632001221
0.7969924812030075,1.30928182036719,1.243824701195219,0.0054852604519346,0.06545711917197106,0.06545711917197106,0.05997185872003646
0.7994987468671679,1.3022188279355684,1.2338645418326692,0.0054231527919097,0.06835428610289918,0.06835428610289918,0.06293113331098947
0.8020050125313283,1.2951560053881508,1.2258964143426294,0.0074980045087518,0.06925959104552137,0.06925959104552137,0.061761586536769573
0.8045112781954886,1.2880936833540468,1.2199203187250995,0.0090774695578616,0.0681733646289473,0.0681733646289473,0.059095895071085695
0.8070175438596491,1.2810332133408626,1.2139442231075697,0.008347047794917298,0.06708899023329296,0.06708899023329296,0.05874194243837566
0.8095238095238095,1.2740315693749,1.2019920318725101,0.008352843350411601,0.0720395375023899,0.0720395375023899,0.0636866941519783
0.8120300751879699,1.2670299917790109,1.19800796812749,0.0076891889032376,0.06902202365152088,0.06902202365152088,0.06133283474828328
0.8145363408521302,1.260028732870008,1.1940239043824703,0.0076418412307223,0.06600482848753764,0.06600482848753764,0.05836298725681534
0.8170426065162907,1.2530276125585145,1.1880478087649404,0.0063405149609522,0.06497980379357404,0.06497980379357404,0.058639288832621844
0.8195488721804511,1.2460267387064705,1.1840637450199205,0.0063405149609522,0.061962993686550005,0.061962993686550005,0.05562247872559781
0.8220551378446115,1.2390939029650105,1.1760956175298802,0.0062133062907787,0.06299828543513031,0.06299828543513031,0.056784979144351606
0.8245614035087718,1.2322283513379928,1.1721115537848603,0.0065136923726335,0.060116797553132484,0.060116797553132484,0.05360310518049898
0.8270676691729323,1.2253626307542884,1.1661354581673309,0.0055944523010802,0.05922717258695753,0.05922717258695753,0.05363272028587733
0.8295739348370927,1.2184968174373245,1.1581673306772908,0.005815007338082399,0.06032948676003369,0.06032948676003369,0.05451447942195129
0.8320802005012531,1.2116307860755657,1.154183266932271,0.0064163838280498,0.05744751914329482,0.05744751914329482,0.05103113531524502
0.8345864661654134,1.204764711068656,1.1442231075697211,0.0061585452049871,0.06054160349893478,0.06054160349893478,0.054383058293947684
0.8370927318295739,1.1980738692539525,1.1362549800796813,0.0060234816810466,0.06181888917427125,0.06181888917427125,0.055795407493224654
0.8395989974937343,1.1913872971590638,1.1262948207171315,0.0080819474958713,0.06509247644193228,0.06509247644193228,0.05701052894606098
0.8421052631578947,1.184700555435641,1.116334661354582,0.0076259933471561,0.06836589408105898,0.06836589408105898,0.060739900733902875
0.844611528822055,1.1780137546935854,1.1043824701195215,0.0094637494878645,0.07363128457406387,0.07363128457406387,0.06416753508619938
0.8471177944862155,1.1713268204400262,1.096414342629482,0.0094841813011232,0.07491247781054433,0.07491247781054433,0.06542829650942113
0.849624060150376,1.1647278234252418,1.090438247011952,0.0074331837159093,0.07428957641328982,0.07428957641328982,0.06685639269738052
0.8521303258145363,1.158236555712838,1.0804780876494022,0.0057690546920286,0.07775846806343578,0.07775846806343578,0.07198941337140718
0.8546365914786966,1.1517453610707564,1.0764940239043823,0.0071815307985841,0.07525133716637411,0.07525133716637411,0.06806980636779
0.8571428571428571,1.1452542167264697,1.0705179282868524,0.0101425101393894,0.07473628843961722,0.07473628843961722,0.06459377830022782
0.8596491228070176,1.1387631685940425,1.0665338645418323,0.0115459707390499,0.07222930405221017,0.07222930405221017,0.060683333313160275
0.8621553884711779,1.1322721476178732,1.0625498007968126,0.009201896788277,0.0697223468210606,0.0697223468210606,0.0605204500327836
0.8646616541353382,1.1259697147073044,1.058565737051793,0.0066351445524828,0.06740397765551154,0.06740397765551154,0.06076883310302874
0.8671679197994987,1.1196830777271187,1.0565737051792827,0.0055204368313646,0.063109372547836,0.063109372547836,0.0575889357164714
0.8696741854636592,1.1133964809184322,1.048605577689243,0.004160822390989,0.06479090322918934,0.06479090322918934,0.060630080838200345
0.8721804511278195,1.1071098949953813,1.044621513944223,0.0029411175449239,0.06248838105115828,0.06248838105115828,0.059547263506234384
0.8746867167919798,1.1008233411788613,1.0346613545816732,0.0040726593738306,0.06616198659718808,0.06616198659718808,0.062089327223357485
0.8771929824561403,1.0946229008971713,1.0306772908366533,0.0047678518369023,0.06394561006051802,0.06394561006051802,0.05917775822361572
0.8796992481203008,1.0885537714261946,1.0227091633466134,0.0061938043396875,0.06584460807958115,0.06584460807958115,0.05965080373989365
0.8822055137844611,1.0824846530358578,1.0187250996015935,0.0078264231420899,0.06375955343426432,0.06375955343426432,0.055933130292174414
0.8847117794486214,1.0764155441261751,1.0067729083665338,0.005273863033619,0.06964263575964136,0.06964263575964136,0.06436877272602236
0.8872180451127819,1.0703464501539368,1.002788844621514,0.0031935457953731,0.06755760553242274,0.06755760553242274,0.06436405973704963
0.8897243107769424,1.0642773618055479,0.996812749003984,0.0023150545248711,0.0674646128015639,0.0674646128015639,0.0651495582766928
0.8922305764411027,1.058403955504621,0.990836653386454,0.0031477578225622,0.06756730211816697,0.06756730211816697,0.06441954429560477
0.894736842105263,1.0525599587224932,0.9848605577689242,0.0031477578225623,0.06769940095356897,0.06769940095356897,0.06455164313100667
0.8972431077694235,1.0467160708782088,0.9788844621513944,0.0030302624829211,0.06783160872681449,0.06783160872681449,0.06480134624389339
0.899749373433584,1.0408722050677812,0.9768924302788844,0.0035590386296149995,0.06397977478889683,0.06397977478889683,0.060420736159281827
0.9022556390977443,1.0350284275074337,0.9729083665338646,0.008373096204337287,0.06212006097356915,0.06212006097356915,0.05374696476923186
0.9047619047619047,1.0292621822294319,0.9689243027888447,0.010461926297172106,0.060337879440587217,0.060337879440587217,0.049875953143415114
0.9072681704260651,1.023644665027908,0.9649402390438249,0.011057844892953275,0.05870442598408321,0.05870442598408321,0.04764658109112993
0.9097744360902256,1.0180272295072106,0.9609561752988048,0.0114533910741583,0.05707105420840575,0.05707105420840575,0.04561766313424745
0.9122807017543859,1.012409880535903,0.9589641434262948,0.011751608614485688,0.053445737109608205,0.053445737109608205,0.041694128495122516
0.9147869674185463,1.0067926448039928,0.9509960159362553,0.014095666225800297,0.05579662886773751,0.05579662886773751,0.04170096264193721
0.9172932330827067,1.001175464062901,0.9490039840637451,0.014707233013024472,0.052171479999155834,0.052171479999155834,0.037464246986131364
0.9197994987468672,0.9957458494708822,0.9310756972111554,0.0131856898352288,0.06467015225972683,0.06467015225972683,0.05148446242449803
0.9223057644110275,0.990358528272928,0.9290836653386455,0.010636246395741412,0.061274862934282526,0.061274862934282526,0.05063861653854111
0.9248120300751879,0.984971009917436,0.9250996015936257,0.008640465375399189,0.05987140832381033,0.05987140832381033,0.051230942948411136
0.9273182957393483,0.9795834529927154,0.917131474103586,0.005590125577849336,0.062451978889129456,0.062451978889129456,0.05686185331128012
0.9298245614035088,0.974195720567703,0.9131474103585655,0.004496220339992399,0.06104831020913748,0.06104831020913748,0.05655208986914508
0.9323308270676691,0.9688760663477893,0.9071713147410362,0.003223709825481256,0.06170475160675315,0.06170475160675315,0.05848104178127189
0.9348370927318295,0.963723649082799,0.9051792828685261,0.003370483125266794,0.058544366214272836,0.058544366214272836,0.055173883089006046
0.9373433583959899,0.9585711381106912,0.8992031872509962,0.0025630629677460357,0.05936795085969493,0.05936795085969493,0.056804887891948895
0.9398496240601504,0.9534185040175098,0.8952191235059761,0.0024766426105049,0.05819938051153373,0.05819938051153373,0.05572273790102883
0.9423558897243107,0.9482657355454509,0.8912350597609563,0.0023462001559854057,0.05703067578449461,0.05703067578449461,0.054684475628509206
0.9448621553884711,0.9431128846240792,0.8832669322709167,0.0027717000115913813,0.05984595235316248,0.05984595235316248,0.0570742523415711
0.9473684210526315,0.9381372015764204,0.8792828685258967,0.0030934820670117857,0.05885433305052379,0.05885433305052379,0.055760850983512
0.949874686716792,0.9332166733748839,0.8733067729083664,0.0037767328306517,0.05990990046651745,0.05990990046651745,0.056133167635865754
0.9523809523809523,0.9282963161158109,0.8693227091633466,0.003216195340144325,0.05897360695246423,0.05897360695246423,0.0557574116123199
0.9548872180451127,0.9233759942724677,0.8673306772908367,0.0033343955423744943,0.056045316981631066,0.056045316981631066,0.05271092143925657
0.9573934837092731,0.9184558436543047,0.8633466135458168,0.003626386865254987,0.055109230108487894,0.055109230108487894,0.051482843243232906
0.9598997493734336,0.9135877655304463,0.8613545816733067,0.0037445624590088,0.0522331838571396,0.0522331838571396,0.048488621398130795
0.9624060150375939,0.9088883277401797,0.8573705179282869,0.0030620354353210304,0.0515178098118928,0.0515178098118928,0.04845577437657177
0.9649122807017543,0.904188940220203,0.853386454183267,0.00395205046987596,0.050802486036936045,0.050802486036936045,0.04685043556706009
0.9674185463659147,0.8994896351445039,0.8474103585657372,0.003370483125267026,0.05207927657876665,0.05207927657876665,0.04870879345349963
0.9699248120300752,0.8947904052345392,0.8434262948207171,0.0035793761587621,0.05136411041382216,0.05136411041382216,0.04778473425506006
0.9724310776942355,0.8900912328734081,0.8354581673306776,0.00401883331562628,0.05463306554273051,0.05463306554273051,0.050614232227104226
0.9749373433583959,0.8855394774479659,0.8314741035856574,0.0042585345729881895,0.054065373862308475,0.054065373862308475,0.04980683928932028
0.9774436090225563,0.8810481547917911,0.8254980079681278,0.003101293902851251,0.05555014682366333,0.05555014682366333,0.05244885292081208
0.9799498746867168,0.8765567747945717,0.8215139442231075,0.0024372501571254,0.055042830571464196,0.055042830571464196,0.0526055804143388
0.9824561403508771,0.8720653821743101,0.8175298804780877,0.0022621924295746078,0.054535501696222344,0.054535501696222344,0.052273309266647736
0.9849624060150375,0.8675739249343485,0.8115537848605581,0.002466853470968291,0.056020140073790414,0.056020140073790414,0.053553286602822124
0.9874686716791979,0.8631188197922598,0.8095617529880479,0.002208065153867511,0.053557066804211906,0.053557066804211906,0.051349001650344395
0.9899749373433584,0.8588264792648671,0.8075697211155377,0.0022080651538675,0.051256758149329396,0.051256758149329396,0.0490486929954619
0.9924812030075187,0.8545341314380295,0.803585657370518,0.0022080651538675,0.05094847406751146,0.05094847406751146,0.048740408913643965
0.9949874686716791,0.850241768480006,0.7896414342629487,0.0027365581781671764,0.06060033421705724,0.06060033421705724,0.057863776038890063
0.9974937343358395,0.8459493940148561,0.7677290836653394,0.004212834690064834,0.07822031034951671,0.07822031034951671,0.07400747565945187
1.0,0.8416570086262012,0.8832669322709163,0.07281890851562334,-0.04160992364471516,0.04160992364471516,0.0
