x_over_Lp,p_sim_original_over_pinf,p_sim_shifted_over_pinf,p_digitized_over_pinf,digitization_uncertainty,difference_original_sim_minus_digitized,difference_shifted_sim_minus_digitized
0.0,1.063208367768595,,1.042629482071713,0.01081670667191,0.020578885696882043,
0.001669449081803005,1.0630731549828898,,1.0466102202209524,0.0068971638420018,0.016462934761937387,
0.00333889816360601,1.0629378305673276,,1.048605577689243,0.0049324807192408,0.014332252878084706,
0.005008347245409015,1.0628063989834051,,1.048605577689243,0.0049324807192408,0.014200821294162225,
0.00667779632721202,1.0626806672294027,,1.048605577689243,0.0049324807192408,0.01407508954015979,
0.008347245409015025,1.0625548708885688,,1.048605577689243,0.0049324807192408,0.013949293199325918,
0.01001669449081803,1.0624345348038875,,1.048605577689243,0.0049324807192408,0.013828957114644602,
0.011686143572621035,1.0623205529846582,,1.048605577689243,0.0049324807192408,0.013714975295415321,
0.01335559265442404,1.0622065318344844,,1.048605577689243,0.0049324807192408,0.01360095414524154,
0.015025041736227046,1.0620946444809367,,1.048605577689243,0.0049324807192408,0.013489066791693816,
0.01669449081803005,1.0619929665233567,,1.048605577689243,0.0049324807192408,0.013387388834113834,
0.018363939899833055,1.0618912982817397,,1.048605577689243,0.0049324807192408,0.013285720592496775,
0.02003338898163606,1.061789642172218,,1.048605577689243,0.0049324807192408,0.013184064482975044,
0.021702838063439065,1.0616946112956123,,1.048605577689243,0.0049324807192408,0.013089033606369371,
0.02337228714524207,1.0616044896853452,,1.048605577689243,0.0049324807192408,0.012998911996102258,
0.025041736227045076,1.061514397219605,,1.048605577689243,0.0049324807192408,0.012908819530362159,
0.02671118530884808,1.0614243300484565,,1.048605577689243,0.0049324807192408,0.012818752359213592,
0.028380634390651086,1.061342223011191,,1.048605577689243,0.0049324807192408,0.012736645321948181,
0.03005008347245409,1.061263246795587,,1.048605577689243,0.0049324807192408,0.012657669106344027,
0.03171953255425709,1.0611843284620082,,1.048605577689243,0.0049324807192408,0.012578750772765268,
0.0333889816360601,1.0611054610086361,,1.048605577689243,0.0049324807192408,0.012499883319393224,
0.035058430717863104,1.0610348033179202,,1.048605577689243,0.0049324807192408,0.01242922562867732,
0.03672787979966611,1.0609679509347223,,1.048605577689243,0.0049324807192408,0.012362373245479397,
0.038397328881469114,1.0609010363681612,,1.048605577689243,0.0049324807192408,0.012295458678918347,
0.04006677796327212,1.0608340596088657,,1.048605577689243,0.0049324807192408,0.01222848191962278,
0.041736227045075125,1.0607744725413246,,1.048605577689243,0.0049324807192408,0.012168894852081724,
0.04340567612687813,1.0607207067413005,,1.048605577689243,0.0049324807192408,0.012115129052057583,
0.045075125208681135,1.0606668471049319,,1.048605577689243,0.0049324807192408,0.012061269415688969,
0.04674457429048414,1.0606128928303629,,1.048605577689243,0.0049324807192408,0.012007315141119967,
0.048414023372287146,1.0605646772409054,,1.048605577689243,0.0049324807192408,0.011959099551662522,
0.05008347245409015,1.060523508671817,,1.048605577689243,0.0049324807192408,0.011917930982574099,
0.05175292153589316,1.06048244836528,,1.048605577689243,0.0049324807192408,0.011876870676037043,
0.05342237061769616,1.0604414939005071,,1.048605577689243,0.0049324807192408,0.01183591621126423,
0.05509181969949917,1.0604054696102274,,1.048605577689243,0.0049324807192408,0.011799891920984518,
0.05676126878130217,1.0603754281435658,,1.048605577689243,0.0049324807192408,0.011769850454322883,
0.05843071786310518,1.0603455043096455,,1.048605577689243,0.0049324807192408,0.011739926620402574,
0.06010016694490818,1.0603156909012057,,1.048605577689243,0.0049324807192408,0.011710113211962803,
0.06176961602671119,1.060291457588725,,1.048605577689243,0.0049324807192408,0.01168587989948211,
0.06343906510851419,1.0602701916681743,,1.048605577689243,0.0049324807192408,0.01166461397893137,
0.0651085141903172,1.0602490488798297,1.0630926587785459,1.048605577689243,0.0049324807192408,0.01164347119058684,0.014487081089302967
0.0667779632721202,1.0602287967458837,1.062957350465055,1.048605577689243,0.0049324807192408,0.011623219056640766,0.01435177277581201
0.06844741235392321,1.060213926679483,1.0628253573588442,1.048605577689243,0.0049324807192408,0.011608348990240103,0.014219779669601307
0.07011686143572621,1.0601991768718273,1.0626988034317206,1.048605577689243,0.0049324807192408,0.011593599182584402,0.014093225742477733
0.07178631051752922,1.060184532696192,1.0625730164072273,1.048605577689243,0.0049324807192408,0.011578955006949165,0.013967438717984448
0.07345575959933222,1.0601740945702967,1.0624518927067916,1.048605577689243,0.0049324807192408,0.011568516881053759,0.013846315017548738
0.07512520868113523,1.0601638365924557,1.0623369943152554,1.048605577689243,0.0049324807192408,0.011558258903212826,0.013731416626012516
0.07679465776293823,1.0601537078203864,1.0622229788383817,1.048605577689243,0.0049324807192408,0.01154813013114353,0.013617401149138786
0.07846410684474124,1.0601465803204655,1.0621107836949075,1.048605577689243,0.0049324807192408,0.011541002631222597,0.013505206005664627
0.08013355592654424,1.060139497280054,1.0620076330809387,1.048605577689243,0.0049324807192408,0.01153391959081107,0.01340205539169581
0.08180300500834725,1.0601332718193546,1.0619059634378405,1.048605577689243,0.0049324807192408,0.011527694130111676,0.013300385748597598
0.08347245409015025,1.0601278267908527,1.0618043055783224,1.048605577689243,0.0049324807192408,0.011522249101609816,0.013198727889079498
0.08514190317195326,1.0601232566580943,1.061708319043653,1.048605577689243,0.0049324807192408,0.011517678968851364,0.01310274135441003
0.08681135225375626,1.0601193245033806,1.0616174892952688,1.048605577689243,0.0049324807192408,0.011513746814137749,0.013011911606025883
0.08848080133555927,1.0601163024960396,1.0615273926255704,1.048605577689243,0.0049324807192408,0.011510724806796713,0.012921814936327491
0.09015025041736227,1.0601140324372138,1.0614373218057984,1.048605577689243,0.0049324807192408,0.011508454747970909,0.012831744116555521
0.09181969949916528,1.0601128891209353,1.0613540665574088,1.048605577689243,0.0049324807192408,0.011507311431692369,0.01274848886816593
0.09348914858096828,1.0601123414072,1.0612746387358003,1.048605577689243,0.0049324807192408,0.011506763717957114,0.012669061046557406
0.0951585976627713,1.0601128331867988,1.061195712053017,1.048605577689243,0.0049324807192408,0.011507255497555935,0.012590134363774208
0.09682804674457429,1.0601152067419948,1.0611168372604192,1.048605577689243,0.0049324807192408,0.01150962905275188,0.01251125957117627
0.0984974958263773,1.060117732779251,1.0610449953508265,1.048605577689243,0.0049324807192408,0.011512155090008136,0.01243941766158363
0.1001669449081803,1.060120493515162,1.060977594070275,1.048605577689243,0.0049324807192408,0.011514915825919125,0.012372016381032136
0.10183639398998331,1.0601238417180912,1.0609106884733657,1.048605577689243,0.0049324807192408,0.011518264028848257,0.012305110784122775
0.10350584307178631,1.0601272830284127,1.0608437206850738,1.048605577689243,0.0049324807192408,0.011521705339169852,0.012238142995830925
0.10517529215358933,1.0601313218281985,1.060783067689949,1.048605577689243,0.0049324807192408,0.011525744138955574,0.012177490000706115
0.10684474123539232,1.0601362561927474,1.060728462200013,1.048605577689243,0.0049324807192408,0.011530678503504532,0.012122884510770149
0.10851419031719532,1.060142158430056,1.060674616099087,1.048605577689243,0.0049324807192408,0.011536580740813207,0.01206903840984408
0.11018363939899833,1.0601491290837763,1.0606206754756244,1.048605577689243,0.0049324807192408,0.011543551394533447,0.012015097786381546
0.11185308848080133,1.0601568819984721,1.060571632108371,1.048605577689243,0.0049324807192408,0.011551304309229238,0.011966054419128014
0.11352253756260434,1.0601661649020868,1.0605294470404023,1.048605577689243,0.0049324807192408,0.01156058721284392,0.01192386935115941
0.11519198664440734,1.0601763538546711,1.0604883711175115,1.048605577689243,0.0049324807192408,0.011570776165428232,0.01188279342826859
0.11686143572621036,1.0601876335332696,1.060447401385572,1.048605577689243,0.0049324807192408,0.011582055844026717,0.011841823696329135
0.11853088480801335,1.0601989037769415,1.0604106659412742,1.048605577689243,0.0049324807192408,0.011593326087698586,0.011805088252031304
0.12020033388981637,1.0602111952686397,1.060379761481008,1.048605577689243,0.0049324807192408,0.01160561757939682,0.011774183791765092
0.12186978297161936,1.0602235777346445,1.060349820679129,1.048605577689243,0.0049324807192408,0.011618000045401589,0.011744242989886189
0.12353923205342238,1.060236253609123,1.0603199913423436,1.048605577689243,0.0049324807192408,0.011630675919880096,0.011714413653100664
0.12520868113522537,1.0602489171539102,1.0602949531277912,1.048605577689243,0.0049324807192408,0.011643339464667335,0.01168937543854831
0.12687813021702837,1.0602615560886388,1.0602732591751907,1.048605577689243,0.0049324807192408,0.011655978399395917,0.011667681485947767
0.1285475792988314,1.0602744066758736,1.060252098625616,1.048605577689243,0.0049324807192408,0.011668828986630686,0.011646520936373195
0.1302170283806344,1.0602872947299786,1.060231718019046,1.048605577689243,0.0049324807192408,0.011681717040735728,0.011626140329803025
0.1318864774624374,1.0603004669142237,1.0602160716152222,1.048605577689243,0.0049324807192408,0.011694889224980853,0.011610493925979348
0.1335559265442404,1.0603140039600354,1.0602013044608196,1.048605577689243,0.0049324807192408,0.011708426270792494,0.01159572677157672
0.13522537562604342,1.0603274873134905,1.0601866450482722,1.048605577689243,0.0049324807192408,0.011721909624247573,0.011581067359029307
0.13689482470784642,1.060341569780716,1.0601756002198803,1.048605577689243,0.0049324807192408,0.011735992091473024,0.011570022530637436
0.13856427378964942,1.060356184895792,1.0601653162565468,1.048605577689243,0.0049324807192408,0.01175060720654919,0.011559738567303857
0.14023372287145242,1.0603708000108685,1.0601551688471647,1.048605577689243,0.0049324807192408,0.011765222321625579,0.011549591157921757
0.14190317195325544,1.0603865473044904,1.060147608428135,1.048605577689243,0.0049324807192408,0.01178096961524755,0.01154203073889204
0.14357262103505844,1.060402868107087,1.0601405189746524,1.048605577689243,0.0049324807192408,0.011797290417844053,0.01153494128540955
0.14524207011686144,1.060419166537987,1.0601341698121938,1.048605577689243,0.0049324807192408,0.011813588848744061,0.011528592122950876
0.14691151919866444,1.0604369077689344,1.0601286122100917,1.048605577689243,0.0049324807192408,0.011831330079691504,0.011523034520848796
0.14858096828046746,1.0604550789770393,1.0601239158778195,1.048605577689243,0.0049324807192408,0.011849501287796382,0.011518338188576616
0.15025041736227046,1.060473299721506,1.0601198916978336,1.048605577689243,0.0049324807192408,0.011867722032263162,0.01151431400859071
0.15191986644407346,1.0604933160559442,1.0601167384061005,1.048605577689243,0.0049324807192408,0.011887738366701317,0.011511160716857649
0.15358931552587646,1.0605134515128398,1.0601143598823088,1.048605577689243,0.0049324807192408,0.011907873823596926,0.011508782193065947
0.15525876460767948,1.060533522531494,1.0601130540388235,1.048605577689243,0.0049324807192408,0.011927944842251126,0.011507476349580603
0.15692821368948248,1.0605555332130507,1.0601124204122787,1.048605577689243,0.0049324807192408,0.011949955523807843,0.011506842723035815
0.15859766277128548,1.0605779241072553,1.060112762249951,1.048605577689243,0.0049324807192408,0.01197234641801237,0.011507184560708206
0.16026711185308848,1.0606003874263905,1.060114864368045,1.048605577689243,0.0049324807192408,0.011994809737147616,0.011509286678802022
0.16193656093489148,1.0606235954226122,1.0601173684104954,1.048605577689243,0.0049324807192408,0.012018017733369302,0.011511790721252524
0.1636060100166945,1.060648319775205,1.0601200952922514,1.048605577689243,0.0049324807192408,0.012042742085962121,0.011514517603008478
0.1652754590984975,1.0606729874209013,1.0601233587558816,1.048605577689243,0.0049324807192408,0.01206740973165843,0.0115177810666387
0.1669449081803005,1.0606975906706,1.0601267866359085,1.048605577689243,0.0049324807192408,0.012092012981357092,0.01152120894666564
0.1686143572621035,1.0607229401119398,1.0601307392507056,1.048605577689243,0.0049324807192408,0.012117362422696898,0.01152516156146266
0.17028380634390652,1.0607504088525994,1.0601355444343339,1.048605577689243,0.0049324807192408,0.012144831163356518,0.011529966745090992
0.17195325542570952,1.060777929308614,1.0601413070606402,1.048605577689243,0.0049324807192408,0.012172351619371025,0.011535729371397352
0.17362270450751252,1.0608055237582406,1.0601481236004189,1.048605577689243,0.0049324807192408,0.012199946068997658,0.011542545911175983
0.17529215358931552,1.0608331829157707,1.0601557636777217,1.048605577689243,0.0049324807192408,0.012227605226527771,0.01155018598847879
0.17696160267111855,1.0608634865258884,1.060164825887775,1.048605577689243,0.0049324807192408,0.01225790883664546,0.011559248198532046
0.17863105175292154,1.0608955611642306,1.0601748841471423,1.048605577689243,0.0049324807192408,0.012289983474987665,0.011569306457899442
0.18030050083472454,1.0609275602088442,1.0601860064937458,1.048605577689243,0.0049324807192408,0.01232198251960126,0.01158042880450294
0.18196994991652754,1.0609594877648796,1.0601972780983606,1.048605577689243,0.0049324807192408,0.012353910075636687,0.011591700409117722
0.18363939899833057,1.0609913311711026,1.0602094222799305,1.048605577689243,0.0049324807192408,0.012385753481859663,0.01160384459068764
0.18530884808013356,1.061025187320353,1.060221791623328,1.048605577689243,0.0049324807192408,0.012419609631109996,0.011616213934085184
0.18697829716193656,1.0610631838329685,1.0602344251750417,1.048605577689243,0.0049324807192408,0.012457606143725597,0.011628847485798843
0.18864774624373956,1.0611012186949016,1.0602470904983279,1.048605577689243,0.0049324807192408,0.012495641005658698,0.011641512809084986
0.1903171953255426,1.0611393528895234,1.0602597329829393,1.048605577689243,0.0049324807192408,0.01253377520028054,0.0116541552936964
0.19198664440734559,1.0611776004411704,1.0602725530403154,1.048605577689243,0.0049324807192408,0.01257202275192748,0.011666975351072528
0.19365609348914858,1.0612158723177985,1.0602854356900042,1.048605577689243,0.0049324807192408,0.012610294628555563,0.011679858000761323
0.19532554257095158,1.061259774465639,1.0602985668898397,1.048605577689243,0.0049324807192408,0.01265419677639601,0.011692989200596804
0.1969949916527546,1.0613053137390356,1.0603120513061208,1.048605577689243,0.0049324807192408,0.012699736049792687,0.011706473616877933
0.1986644407345576,1.0613509746081604,1.0603255424044409,1.048605577689243,0.0049324807192408,0.012745396918917518,0.011719964715197984
0.2003338898163606,1.0613967267030184,1.060339538452379,1.048605577689243,0.0049324807192408,0.012791149013775538,0.011733960763136153
0.2020033388981636,1.0614426008787365,1.0603540767355581,1.048605577689243,0.0049324807192408,0.012837023189493646,0.011748499046315253
0.20367278797996663,1.061490834806251,1.0603686918506345,1.048605577689243,0.0049324807192408,0.012885257117008164,0.011763114161391641
0.20534223706176963,1.0615473216402052,1.060384275832933,1.048605577689243,0.0049324807192408,0.012941743950962259,0.011778698143690036
0.20701168614357263,1.0616037745289066,1.0604005139096113,1.0474150143998295,0.004952932620249351,0.014188760129077105,0.012985499509781784
0.20868113522537562,1.0616600660032571,1.060416815567521,1.046613545816733,0.005023303771922399,0.015046520186524193,0.01380326975078816
0.21035058430717865,1.0617162171025,1.0604343486814836,1.046613545816733,0.005166244895219895,0.015102671285767144,0.013820802864750625
0.21202003338898165,1.0617723132172472,1.0604524578674464,1.046613545816733,0.0051812913292512,0.01515876740051425,0.013838912050713414
0.21368948247078465,1.0618370553589664,1.0604706714665306,1.046613545816733,0.0051812913292512,0.015223509542233504,0.013857125649797686
0.21535893155258765,1.0619060565188012,1.0604904287957297,1.046613545816733,0.005181291329251199,0.015292510702068274,0.013876882978996807
0.21702838063439064,1.061975211448403,1.0605105470697822,1.046613545816733,0.0051812913292512,0.015361665631669963,0.013897001253049268
0.21869782971619367,1.0620445011902149,1.0605306273833437,1.046613545816733,0.0051812913292512,0.015430955373481936,0.013917081566610756
0.22036727879799667,1.0621139972621059,1.0605523582778322,1.046613545816733,0.0051812913292512,0.015500451445372931,0.013938812461099293
0.22203672787979967,1.0621851991692948,1.0605746943281864,1.046613545816733,0.0051812913292512,0.015571653352561832,0.01396114851145347
0.22370617696160267,1.062269200077706,1.0605971472003728,1.046613545816733,0.0051812913292512,0.01565565426097315,0.013983601383639854
0.2253756260434057,1.062353222563181,1.0606202477804973,1.046613545816733,0.0051812913292512,0.01573967674644816,0.014006701963764412
0.2270450751252087,1.0624375360469576,1.0606447534059584,1.046613545816733,0.0051812913292512,0.015823990230224627,0.014031207589225492
0.2287145242070117,1.0625220413955665,1.0606694292313523,1.046613545816733,0.0051812913292512,0.01590849557883356,0.014055883414619386
0.2303839732888147,1.062606667454709,1.0606940417698647,1.046613545816733,0.0051812913292512,0.01599312163797606,0.014080495953131766
0.2320534223706177,1.0626982364325257,1.0607192835766401,1.046613545816733,0.0051812913292512,0.016084690615792763,0.0141057377599072
0.2337228714524207,1.0627951459593152,1.0607464466185403,1.046613545816733,0.0051812913292512,0.016181600142582298,0.014132900801807402
0.2353923205342237,1.0628918295982719,1.0607739596148629,1.046613545816733,0.0051812913292512,0.01627828378153895,0.014160413798129934
0.2370617696160267,1.0629882750370767,1.060801543391266,1.046613545816733,0.0051812913292512,0.016374729220343776,0.014187997574533151
0.23873121869782973,1.0630843100970693,1.0608291932149916,1.046613545816733,0.0051812913292512,0.016470764280336336,0.014215647398258646
0.24040066777963273,1.0631804004608378,1.06085911537551,1.046613545816733,0.005181291329251199,0.0165668546441049,0.014245569558777094
0.24207011686143573,1.063280741089374,1.0608909345515274,1.046613545816733,0.0051812913292512,0.016667195272641155,0.01427738873479445
0.24373956594323873,1.0633810817179103,1.0609229445001738,1.046613545816733,0.0051812913292512,0.01676753590117741,0.014309398683440833
0.24540901502504175,1.0634818367752858,1.0609548823680937,1.046613545816733,0.0051812913292512,0.01686829095855291,0.014341336551360717
0.24707846410684475,1.0635828259801845,1.0609867379125233,1.046613545816733,0.0051812913292512,0.01696928016345156,0.014373192095790355
0.24874791318864775,1.0636840261928182,1.061020303733248,1.046613545816733,0.0051812913292512,0.017070480376085273,0.014406757916515023
0.25041736227045075,1.06378786166243,1.0610577030183115,1.046613545816733,0.0051812913292512,0.017174315845696952,0.014444157201578545
0.25208681135225375,1.0638947847643294,1.0610957323485397,1.046613545816733,0.0051812913292512,0.017281238947596478,0.014482186531806773
0.25375626043405675,1.0640016120744642,1.0611338522148976,1.046613545816733,0.0051812913292512,0.01738806625773126,0.014520306398164706
0.2554257095158598,1.064108302605407,1.0611720834153375,1.046613545816733,0.0051812913292512,0.01749475678867407,0.014558537598604593
0.2570951585976628,1.0642147706423772,1.0612103517832039,1.046613545816733,0.0051812913292512,0.0176012248256443,0.01459680596647095
0.2587646076794658,1.0643212286023633,1.061253441791433,1.046613545816733,0.0051812913292512,0.017707682785630396,0.014639895974700057
0.2604340567612688,1.0639841999044253,1.0612987449173223,1.046613545816733,0.0051812913292512,0.01737065408769234,0.014685199100589408
0.2621035058430718,1.063602288460844,1.0613443882468467,1.046613545816733,0.0051812913292512,0.0169887426441111,0.0147308424301138
0.2637729549248748,1.0632046044642764,1.0613901271828303,1.046613545816733,0.0051812913292512,0.01659105864754351,0.014776581366097385
0.2654424040066778,1.0627969231409329,1.0614359837489702,1.046613545816733,0.0051812913292512,0.016183377324199943,0.014822437932237253
0.2671118530884808,1.0623783101240951,1.0614838772936088,1.046613545816733,0.0051812913292512,0.015764764307362178,0.014870331476875887
0.2687813021702838,1.0625709523529596,1.0615391736854023,1.046613545816733,0.0051812913292512,0.01595740653622668,0.014925627868669356
0.27045075125208684,1.0638707039830635,1.0615956314705437,1.046613545816733,0.0051812913292512,0.017257158166330555,0.014982085653810762
0.27212020033388984,1.0651815001292064,1.0616519462281397,1.046613545816733,0.0051812913292512,0.01856795431247349,0.015038400411406805
0.27378964941569284,1.066517212810913,1.0617081175758185,1.046613545816733,0.0051812913292512,0.019903666994180114,0.015094571759085573
0.27545909849749584,1.067883561210924,1.0617642216218155,1.046613545816733,0.0051812913292512,0.021270015394191155,0.015150675805082559
0.27712854757929883,1.0692552349442337,1.0618277166156231,1.046613545816733,0.0051812913292512,0.022641689127500753,0.015214170798890203
0.27879799666110183,1.0676584193264684,1.0618961034325274,1.046613545816733,0.0051812913292512,0.021044873509735496,0.015282557615794445
0.28046744574290483,1.06533490522968,1.061965236181578,1.046613545816733,0.0051812913292512,0.01872135941294717,0.015351690364844961
0.28213689482470783,1.0630511451956106,1.0620345064773753,1.046613545816733,0.0051812913292512,0.016437599378877676,0.015420960660642358
0.2838063439065109,1.0607960796640725,1.0621039727871422,1.046613545816733,0.0051812913292512,0.014182533847339585,0.015490426970409255
0.2854757929883139,1.0585779071866785,1.0621749286357731,1.046613545816733,0.0051812913292512,0.011964361369945609,0.015561382819040182
0.2871452420701169,1.0633091174186449,1.0622570833496612,1.046613545816733,0.0051812913292512,0.01669557160191193,0.015643537532928242
0.2888146911519199,1.0887822196140269,1.0623411027227483,1.046613545816733,0.0051812913292512,0.04216867379729394,0.01572755690601535
0.2904841402337229,1.1142534077948143,1.0624253742314158,1.046613545816733,0.005181291329251199,0.06763986197808136,0.01581182841468287
0.2921535893155259,1.1397170527207616,1.0625098519044431,1.046613545816733,0.0051812913292512,0.09310350690402869,0.0158963060877102
0.2938230383973289,1.1651736314054086,1.0625944605516704,1.046613545816733,0.0051812913292512,0.1185600855886757,0.015980914734937457
0.29549248747913187,1.1906278190619217,1.0626850280467768,1.046613545816733,0.0051812913292512,0.14401427324518878,0.016071482230043843
0.2971619365609349,1.2149498599871515,1.0627811672249983,1.046613545816733,0.0051812913292512,0.1683363141704186,0.01616762140826533
0.2988313856427379,1.2387834116082286,1.0628778834471913,1.046613545816733,0.0051812913292512,0.19216986579149564,0.016264337630458314
0.3005008347245409,1.2626243852078227,1.062974363245225,1.046613545816733,0.005181291329251199,0.21601083939108978,0.016360817428492158
0.3021702838063439,1.2864715793790382,1.0630704575003926,1.046613545816733,0.0051812913292512,0.23985803356230528,0.016456911683659703
0.3038397328881469,1.310327967607492,1.0631665398868568,1.046613545816733,0.0051812913292512,0.263714421790759,0.016552994070123894
0.3055091819699499,1.3339531035676315,1.0632662674350908,1.046613545816733,0.0051812913292512,0.2873395577508986,0.016652721618357846
0.3071786310517529,1.3562277583566373,1.063366608063627,1.046613545816733,0.0051812913292512,0.3096142125399044,0.0167530622468941
0.3088480801335559,1.3785043596005382,1.0634673033416309,1.046613545816733,0.00513185304600545,0.33189081378380525,0.016853757524897928
0.31051752921535897,1.4007989559621983,1.0635682587718724,1.046613545816733,0.004988911922707951,0.35418541014546534,0.016954712955139506
0.31218697829716197,1.423106362749997,1.063669428547653,1.0477342715947562,0.005545393243940897,0.37537209115524073,0.015935156952896712
0.31385642737896496,1.4454209006843097,1.063772883894088,1.048605577689243,0.006511841378141464,0.39681532299506683,0.015167306204845188
0.31552587646076796,1.4623629863169652,1.063879361619843,1.048605577689243,0.008016230372989016,0.41375740862772226,0.015273783930600082
0.31719532554257096,1.4756303146968128,1.0639862027474802,1.0497229778714856,0.007212521943137831,0.4259073368253272,0.014263224875994629
0.31886477462437396,1.4889000290308148,1.0640929130081653,1.050145328535607,0.006150689100755426,0.4387547004952077,0.013947584472558283
0.32053422370617696,1.5021721273935684,1.0641994131388237,1.048818415819194,0.005426586653665119,0.45335371157437443,0.015380997319629719
0.32220367278797996,1.5154482078836573,1.0643058725523664,1.049719652275705,0.004893901023527126,0.46572855560795223,0.014586220276661344
0.32387312186978295,1.5285214521135606,1.0640328146772111,1.0505976095617529,0.004629363196094674,0.47792384255180775,0.01343520511545826
0.325542570951586,1.536903342752618,1.0636573773543643,1.0505976095617529,0.0048176902250923435,0.4863057331908651,0.01305976779261142
0.327212020033389,1.5452852333916751,1.0632619684728963,1.0517083585524345,0.004873299780421777,0.4935768748392406,0.011553609920461838
0.328881469115192,1.5536646855899623,1.0628557292159782,1.0534809011034327,0.005095591614798207,0.5001837844865296,0.00937482811254542
0.330550918196995,1.5620427998108246,1.0624386930434824,1.0561347265362588,0.005698594571758931,0.5059080732745658,0.006303966507223535
0.332220367278798,1.570419778549172,1.0625431646356451,1.057681128574184,0.006202213093668453,0.512738649974988,0.0048620360614610725
0.333889816360601,1.5785636259638607,1.0636832210459661,1.0590080412905973,0.006825459831488578,0.5195555846732633,0.004675179755368797
0.335559265442404,1.5864639185868317,1.0649924240736564,1.0603349540070102,0.007727358633042081,0.5261289645798215,0.0046574700666461855
0.337228714524207,1.5943643906833653,1.0663245426646448,1.0605577689243026,0.008476245766302879,0.5338066217590627,0.005766773740342179
0.33889816360601005,1.6022650907694302,1.0676864720092651,1.0609967475673265,0.009010746967193046,0.5412683432021037,0.006689724441938605
0.34056761268781305,1.6101661923088826,1.0690573775887946,1.0623236602837396,0.0091740634096181,0.547842532025143,0.006733717305055009
0.34223706176961605,1.6180672998580412,1.0678887523186245,1.0636505730001529,0.00974928374508622,0.5544167268578883,0.004238179318471591
0.34390651085141904,1.6237845281800354,1.0656700609911065,1.064977485716566,0.010596188112411488,0.5588070424634695,0.0006925752745405855
0.34557595993322204,1.6293541007269108,1.0633805666242095,1.0663043984329788,0.01182578684912784,0.563049702293932,-0.002923831808769206
0.34724540901502504,1.634921543355296,1.0611213620483428,1.068728757756952,0.012602420793914094,0.566192785598344,-0.007607395708609133
0.34891485809682804,1.6404876794140648,1.0588978679248828,1.0713825831897783,0.012443479698395092,0.5691050962242865,-0.012484715264895474
0.35058430717863104,1.6460524554010862,1.0626266630406167,1.0740364086226046,0.010544596485746006,0.5720160467784816,-0.011409745581987929
0.3522537562604341,1.6509997636588185,1.0851078468292914,1.0788784760789896,0.006793570362091272,0.5721212875798289,0.0062293707503018325
0.3539232053422371,1.6549578446618551,1.1105793110975017,1.084186126944642,0.003873816845802117,0.5707717177172131,0.02639318415285974
0.3555926544240401,1.6589166477425756,1.136044044101771,1.0894937778102947,0.0035187400979741264,0.569422869932281,0.046550266291476294
0.3572621035058431,1.6628768795691928,1.1615016420578255,1.095892224091946,0.0035996075743875413,0.5669846554772469,0.06560941796587949
0.3589315525876461,1.6668390052302642,1.1869561746086759,1.1021011114141097,0.003684523687172008,0.5647378938161545,0.08485506319456615
0.3606010016694491,1.670801387880462,1.2114415222684303,1.1074087622797624,0.0035782210587961116,0.5633926256006996,0.1040327599886679
0.3622704507512521,1.6734773120141473,1.2353455361281087,1.119241232066725,0.0034561043225669885,0.5542360799474222,0.11610430406138361
0.3639398998330551,1.675893374467146,1.2591854391429087,1.1313544809705272,0.004102050550855335,0.5445388934966189,0.12783095817238155
0.36560934891485813,1.678304756824128,1.2830317360265124,1.1413063263436258,0.0063322795407646255,0.5369984304805022,0.1417254096828866
0.36727879799666113,1.6807128844547816,1.306886798056318,1.1480057390434109,0.008413493366217138,0.5327071454113708,0.15888105901290706
0.36894824707846413,1.6831169983423107,1.3305452910467315,1.1563814857431711,0.00939005689558748,0.5267355125991395,0.17416380530356035
0.37061769616026713,1.685107174230048,1.3530147462657536,1.1696506129073028,0.008004495159863394,0.5154565613227453,0.1833641333584508
0.3722871452420701,1.6860306558213551,1.375291066742874,1.1829197400714342,0.005265392222254943,0.503110915749921,0.19237132667143975
0.3739565943238731,1.68695531232741,1.397583067395128,1.1994066148797957,0.0034944673082629046,0.4875486974476142,0.19817645251533222
0.3756260434056761,1.687883880710681,1.419888626340414,1.2226275874170256,0.004382457695584119,0.4652562932936555,0.19726103892338842
0.3772954924874791,1.6888163952394009,1.4422021356410537,1.241538587822748,0.0044923393959403375,0.4472778074166528,0.20066354781830564
0.3789649415692821,1.6897500504146366,1.459919171743938,1.2595580948326899,0.005744291119410962,0.4301919555819467,0.20036107691124805
0.3806343906510852,1.6899630931225043,1.4737165662278926,1.2781348728624744,0.009921229766513572,0.41182822026002985,0.1955816933654182
0.3823038397328882,1.6899057913353626,1.4869859363994544,1.2891924788325835,0.01650213013562931,0.4007133125027791,0.19779345756687094
0.38397328881469117,1.6898524653862697,1.500257690877498,1.3103432679964644,0.022373078196524482,0.37950919738980526,0.18991442288103366
0.38564273789649417,1.689802331324231,1.513533196964823,1.3581121257873376,0.025833070325024358,0.3316902055368933,0.15542107117748527
0.38731218697829717,1.6897567473971913,1.5266356993521533,1.3898183559584714,0.019528888972240196,0.2999383914387199,0.1368173433936819
0.38898163606010017,1.6895741480055917,1.5356942952399688,1.4152491868918327,0.012616431781609205,0.27432496111375904,0.12044510834813615
0.39065108514190316,1.6887447716266986,1.544076185879026,1.4351528776380298,0.009722765492744789,0.25359189398866877,0.10892330824099616
0.39232053422370616,1.687915554955453,1.5524559898106958,1.4614616658574393,0.008132553590807265,0.22645388909801367,0.09099432395325646
0.3939899833055092,1.687087443760395,1.5608342970283833,1.4849004649182909,0.007339381214508281,0.20218697884210424,0.07593383211009241
0.3956594323873122,1.6862601815286613,1.569211439554636,1.4981695920824225,0.007649736251581975,0.1880905894462388,0.07104184747221343
0.3973288814691152,1.6854333355174393,1.5773889150443172,1.5167596724953287,0.0053613321960523895,0.16867366302211062,0.06062924254898849
0.3989983305509182,1.6844367038038324,1.5853243392775418,1.534668005773235,0.0037433935360206725,0.14976869803059745,0.05065633350430687
0.4006677796327212,1.683337075253097,1.593224785485875,1.5479371329373661,0.0051759340340635455,0.13539994231573083,0.04528765254850886
0.4023372287145242,1.6822384481655355,1.6011254526855436,1.5590845299935485,0.007559535335038767,0.12315391817198695,0.04204092269199511
0.4040066777963272,1.6811407718618157,1.6090264963172707,1.5712828153163643,0.010256144008357523,0.10985795654545139,0.037743681000906415
0.4056761268781302,1.6800446337464683,1.616927602999558,1.5872057679133222,0.013128039331449601,0.09283886583314604,0.029721835086235826
0.40734557595993326,1.6789219498522656,1.6229598454229324,1.5957259443029224,0.012745786999952368,0.08319600554934325,0.027233901120010007
0.40901502504173626,1.677446901155305,1.6285507166069917,1.6051074499996683,0.011212501274564118,0.07233945115563678,0.023443266607323432
0.41068447412353926,1.675971862449998,1.6341184664659008,1.6210304025966258,0.008912069529422655,0.054941459853372177,0.013088063869274968
0.41235392320534225,1.6744972788943526,1.6396847909910686,1.6253570027070345,0.007065859660061846,0.04914027618731809,0.014327788284034026
0.41402337228714525,1.6730229587335814,1.6452497631619145,1.6274621048360816,0.005415582287044772,0.045560853897499864,0.017787658325832956
0.41569282136894825,1.6715488403192515,1.6502861381773015,1.631442842985321,0.0040043922141447495,0.04010599733393061,0.01884329519198058
0.41736227045075125,1.6699911060599226,1.6543869104660203,1.6448815755342574,0.0030500472268891804,0.025109530525665225,0.009505334931762865
0.41903171953255425,1.6683554645329912,1.6583456093904991,1.6577183752469256,0.0024173132156440386,0.01063708928606566,0.000627234143573574
0.4207011686143573,1.666719877991179,1.6623056351273753,1.6630260261125784,0.0024173132156441717,0.003693851878600496,-0.0007203909852031565
0.4223706176961603,1.6650843553069785,1.6662674876119123,1.6672861143073785,0.002985261528668633,-0.002201759000399983,-0.0010186266954661516
0.4240400667779633,1.66344894821127,1.6702298331926615,1.6701195219123506,0.0033563291921341956,-0.0066705737010805954,0.0001103112803109152
0.4257095158597663,1.6618135411155617,1.6730913227955821,1.6701195219123506,0.002867164478373204,-0.008305980796788903,0.002971800883231568
0.4273789649415693,1.6601094309591153,1.675544869049336,1.672207996062495,0.002565927566779598,-0.012098565103379588,0.003336872986841044
0.4290484140233723,1.6584028499289825,1.6779569264877157,1.6744827035763457,0.002394747609134454,-0.016079853647363196,0.0034742229113700063
0.4307178631051753,1.6566960693461206,1.6803655235970276,1.6758096162927587,0.0024215295969955896,-0.019113546946638138,0.0045559073042689135
0.4323873121869783,1.6549891701686859,1.6827702164477465,1.677136529009172,0.0026208838111994757,-0.02214735884048613,0.005633687438574508
0.4340567612687813,1.6532821537644158,1.6848201009060906,1.6795908186951694,0.0028185664676790715,-0.026308664930753567,0.005229282210921227
0.43572621035058434,1.6515715141653573,1.6858974480322027,1.6848984695608222,0.0028920097907455854,-0.03332695539546493,0.0009989784713804184
0.43739565943238734,1.6498557232080961,1.6868219350624416,1.6870933627759412,0.0026833310688985654,-0.03723763956784509,-0.000271427713499639
0.43906510851419034,1.6481397993927644,1.6877499391761916,1.6884202754923545,0.0024892579500722456,-0.04028047609959007,-0.0006703363161628673
0.44073455759599334,1.6464236437647122,1.688681884492362,1.6897471882087676,0.002534200097280904,-0.043323544444055395,-0.0010653037164056745
0.44240400667779634,1.6447071566104643,1.68961537513481,1.6900398406374502,0.003042603128616165,-0.04533268402698587,-0.0004244655026401922
0.44407345575959933,1.642990636311621,1.6899323627339646,1.690408981769084,0.0039439406893770805,-0.04741834545746304,-0.0004766190351193078
0.44574290484140233,1.6413095385111025,1.689914056843253,1.6917358944854968,0.00552452877255306,-0.050426355974394266,-0.001821837642243862
0.44741235392320533,1.63963418162099,1.6898601573985956,1.69203187250996,0.006930482320562578,-0.05239769088896984,-0.0021717151113642696
0.4490818030050084,1.6379590951498744,1.6898095629221623,1.69203187250996,0.008104767611763784,-0.05407277736008553,-0.0022223095877975663
0.4507512520868114,1.636284190118319,1.6897633226599784,1.69203187250996,0.00880212081356789,-0.05574768239164096,-0.0022685498499814827
0.4524207011686144,1.6346094993134246,1.689600487091811,1.69203187250996,0.009186764668740275,-0.057422373196535315,-0.0024313854181488015
0.4540901502504174,1.6329592959586225,1.6888644051904291,1.6920318725099597,0.009551272082528537,-0.05907257655133713,-0.003167467319530548
0.4557595993322204,1.6313640659091682,1.6880351654821215,1.69203187250996,0.0099157794963168,-0.06066780660079174,-0.0039967070278383865
0.4574290484140234,1.629768877393622,1.6872068948274273,1.69203187250996,0.010035258597955014,-0.062262995116337816,-0.00482497768253265
0.4590984974958264,1.6281738073527805,1.6863795101368069,1.69203187250996,0.009826882518063065,-0.0638580651571794,-0.00565236237315303
0.4607679465776294,1.6265788660165545,1.6855526040877729,1.69203187250996,0.00912195760577949,-0.06545300649340535,-0.006479268422187046
0.4624373956594324,1.6249839559843253,1.6845804631471897,1.69203187250996,0.0089594185282605,-0.06704791652563458,-0.007451409362770223
0.4641068447412354,1.6234693728145428,1.6834956913960837,1.69203187250996,0.0089594185282605,-0.06856249969541706,-0.008536181113876218
0.4657762938230384,1.6219807457123046,1.682396919852264,1.69203187250996,0.008959418528260498,-0.07005112679765535,-0.009634952657695983
0.4674457429048414,1.6204926738630965,1.6812991064025364,1.69203187250996,0.008424606298305427,-0.07153919864686342,-0.010732766107423464
0.4691151919866444,1.619005029758525,1.6802027464108957,1.69203187250996,0.007730182947401786,-0.0730268427514349,-0.011829126099064169
0.4707846410684474,1.617517972973367,1.6790838916179398,1.69203187250996,0.007043858146628668,-0.07451389953659282,-0.012947980892020095
0.4724540901502504,1.6160547266878904,1.6776596698533106,1.69203187250996,0.005424209404560572,-0.07597714582206949,-0.014372202656649291
0.4741235392320534,1.6146847345193098,1.6761846297067553,1.691682684953009,0.003878137176351433,-0.07699795043369928,-0.015498055246253806
0.47579298831385647,1.6133145735426888,1.6747099804979548,1.690355772236596,0.003343491847107014,-0.07704119869390724,-0.015645791738641224
0.47746243739565947,1.611943491078193,1.6732356223437366,1.6900398406374502,0.0028990172702452873,-0.07809634955925726,-0.01680421829371359
0.47913188647746247,1.6105716458191628,1.6717614748284504,1.6896939786762797,0.002526601222300595,-0.0791223328571169,-0.017932503847829295
0.48080133555926546,1.609199473058751,1.6702158017536166,1.6883670659598664,0.0022786529608486514,-0.0791675929011153,-0.018151264206249795
0.48247078464106846,1.6078999392035649,1.6685913979762774,1.6870401532434534,0.0023882558312617336,-0.07914021403988847,-0.01844875526717593
0.48414023372287146,1.606639341298877,1.6669558035031256,1.6860557768924302,0.0025016522032891672,-0.07941643559355316,-0.019099973389304692
0.48580968280467446,1.6053792164105003,1.665320271607771,1.6860557768924302,0.0023003976287857123,-0.08067656048192995,-0.020735505284659173
0.48747913188647746,1.604119519273489,1.663684847838977,1.6840471170410178,0.002319849390983776,-0.07992759776752889,-0.020362269202040872
0.48914858096828046,1.6028604916926112,1.6620494407432687,1.6813932916081913,0.0023853658867682157,-0.07853279991558004,-0.01934385086492263
0.4908180300500835,1.601611277309521,1.6603552406737316,1.6787394661753652,0.002378599606298421,-0.07712818886584416,-0.018384225501633544
0.4924874791318865,1.600451704810318,1.658649016055274,1.6770866450724646,0.00249862166624742,-0.07663494026214668,-0.018437629017190593
0.4941569282136895,1.5992921453562297,1.656942264256936,1.6760956175298805,0.002569585949262111,-0.0768034721736508,-0.01915335327294443
0.4958263772954925,1.5981328333372793,1.6552353821861994,1.6760956175298802,0.002374009290563048,-0.07796278419260094,-0.020860235343680866
0.4974958263772955,1.59697367627148,1.6535283826913378,1.675097938795735,0.002608881110491813,-0.07812426252425508,-0.021569556104397147
0.4991652754590985,1.5958146247327827,1.6518182657207454,1.6738373042683206,0.0028554519643227863,-0.07802267953553788,-0.022019038547575143
0.5008347245409015,1.5947030339049029,1.6501032178221915,1.673173847910114,0.002854806803644072,-0.07847081400521105,-0.023070630087922428
0.5025041736227045,1.593630857998562,1.648387313170999,1.6721132165827504,0.002824926049299571,-0.07848235858418828,-0.023725903411751403
0.5041736227045075,1.592558617272244,1.6466711909808196,1.671050922457497,0.0028325259597113198,-0.07849230518525308,-0.02437973147667738
0.5058430717863105,1.59148630559414,1.644954751647635,1.6703874660992906,0.0028048717640677574,-0.07890116050515061,-0.025432714451655514
0.5075125208681135,1.5904138692097791,1.6432382361297404,1.6691284943697662,0.003243972528067513,-0.07871462515998706,-0.025890258240025776
0.5091819699499165,1.589341432825418,1.6415520288037777,1.6681274900398406,0.003669617375931341,-0.07878605721442256,-0.026575461236062914
0.5108514190317196,1.5883450386797346,1.639875843814881,1.6681274900398406,0.003603127194642925,-0.07978245136010598,-0.02825164622495957
0.5125208681135226,1.5873491115854925,1.6382007183371226,1.6681274900398404,0.0034468580713396786,-0.08077837845434788,-0.029926771702717847
0.5141903171953256,1.5863533498209197,1.636525787133781,1.6678049072491334,0.003384697977517427,-0.08145155742821375,-0.03127912011535239
0.5158597662771286,1.5853576833359573,1.6348510654277184,1.6664779945327206,0.0037115331914145417,-0.08112031119676333,-0.0316269291050022
0.5175292153589316,1.5843621060279847,1.633197329875719,1.6661354581673309,0.003748044962697027,-0.08177335213934622,-0.03293812829161191
0.5191986644407346,1.5834001328102978,1.631594170190702,1.6658162009724045,0.0036359387994166345,-0.08241606816210667,-0.034222030781702495
0.5208681135225376,1.5824806675060377,1.629998975684089,1.664489288255991,0.003373616525687294,-0.0820086207499533,-0.03449031257190205
0.5225375626043406,1.5815611729588153,1.6284038885538397,1.663162375539578,0.0029397280166697116,-0.08160120258076264,-0.034758486985738246
0.5242070116861436,1.5806416332319446,1.6268089286525904,1.6615195312240185,0.0025493569010717147,-0.0808778979920739,-0.034710602571428106
0.5258764607679466,1.5797220237175966,1.6252140141049098,1.6588657057911922,0.002491791421039731,-0.07914368207359557,-0.03365169168628235
0.5275459098497496,1.5788024095681155,1.6236878441705866,1.6571896055178286,0.002564571100420145,-0.0783871959497131,-0.03350176134724192
0.5292153589315526,1.5779587563698856,1.6221954730301291,1.6561752988047806,0.0026342284955055513,-0.07821654243489506,-0.03397982577465153
0.5308848080133556,1.577124575948945,1.6207073210883352,1.6561752988047809,0.0024898619787960766,-0.07905072285583592,-0.03546797771644572
0.5325542570951586,1.5762900545905705,1.619219615283652,1.6513033009863713,0.0024698930631833387,-0.07501324639580087,-0.032083685702719356
0.5342237061769616,1.5754553122576351,1.6177324737804863,1.6462151394422309,0.0024766426105047997,-0.07075982718459572,-0.02848266566174451
0.5358931552587646,1.5746203206232878,1.6162657929446613,1.6462151394422309,0.0024766426105048,-0.07159481881894303,-0.02994934649756953
0.5375626043405676,1.573816054896627,1.614882349317104,1.6471862134101323,0.002387635381834562,-0.07337015851350537,-0.03230386409302821
0.5392320534223707,1.5730722971206004,1.613512212690233,1.6482071713147408,0.0023324618377958597,-0.07513487419414044,-0.03469495862450778
0.5409015025041737,1.57232874040732,1.6121412631459422,1.6482071713147408,0.002499026876235499,-0.07587843090742075,-0.03606590816879862
0.5425709515859767,1.5715856803402768,1.6107695279163643,1.6404651843377733,0.0027802886889280415,-0.06887950399749654,-0.029695656421409033
0.5442404006677797,1.5708432014348306,1.6093974023964557,1.6322709163346611,0.0030819487574678768,-0.061427714899830566,-0.02287351393820547
0.5459098497495827,1.5701008390767706,1.6080873907276751,1.6322709163346611,0.003308573192018613,-0.06217007725789059,-0.024183525606986
0.5475792988313857,1.569426265036587,1.6068211764989226,1.6322709163346611,0.003299424265604466,-0.06284465129807404,-0.025449739835738505
0.5492487479131887,1.5687703264748183,1.6055609833802122,1.6319716127144175,0.0033431774617302887,-0.0632012862395992,-0.026410629334205238
0.5509181969949917,1.56811496561195,1.6043012245421187,1.6306446999980042,0.0038728173157665845,-0.06252973438605425,-0.026343475455885557
0.5525876460767947,1.567460032493718,1.603042100380981,1.6302788844621512,0.0040188333156262,-0.06281885196843318,-0.02723678408117025
0.5542570951585977,1.5668056642490296,1.6017914704911886,1.6302788844621512,0.003996033925803636,-0.06347322021312163,-0.02848741397096255
0.5559265442404007,1.5661672118851682,1.6006189675802909,1.6302788844621512,0.0038938209309811577,-0.06411167257698303,-0.029659916881860315
0.5575959933222037,1.5655814513349107,1.5994594062445073,1.6302788844621512,0.0039391635377070185,-0.06469743312724052,-0.03081947821764386
0.5592654424040067,1.5649958242018027,1.5983000585342253,1.6302788844621512,0.004081812823813801,-0.06528306026034847,-0.03197882592792589
0.5609348914858097,1.56441079113568,1.5971408791171773,1.6302788844621512,0.0043673676393453376,-0.06586809332647126,-0.03313800534497391
0.5626043405676127,1.5638262878155786,1.5959818123567018,1.6302788844621512,0.004298979347664497,-0.06645259664657255,-0.03429707210544941
0.5642737896494157,1.5632419822335906,1.594863375548979,1.629989557629249,0.004207334134272374,-0.06674757539565834,-0.03512618208026996
0.5659432387312188,1.562685434603003,1.5937855142292987,1.6286626449128359,0.004527626529143002,-0.06597721030983283,-0.03487713068353715
0.5676126878130218,1.5621419723246577,1.5927132828529513,1.6282868525896412,0.0046183359041314,-0.06614488026498355,-0.0355735697366899
0.5692821368948248,1.5615988857523044,1.591640981409302,1.6282868525896412,0.004665548242674979,-0.0666879668373368,-0.03664587118033924
0.5709515859766278,1.5610561235411766,1.5905685630132205,1.6282868525896412,0.004884591534289937,-0.06723072904846461,-0.03771828957642076
0.5726210350584308,1.5605138520297013,1.5894961266288594,1.6282868525896412,0.005201092822050519,-0.06777300055993996,-0.03879072596078181
0.5742904841402338,1.5599718439238819,1.5884887637550587,1.6282868525896412,0.0054808475305034,-0.06831500866575935,-0.03979808883458258
0.5759599332220368,1.5594316422785468,1.587492769290887,1.6282868525896412,0.0054808475305034,-0.06885521031109443,-0.040794083298754336
0.5776293823038398,1.5588914098949966,1.5864969836783025,1.6273423833879836,0.005373995072227253,-0.06845097349298701,-0.04084539970968115
0.5792988313856428,1.558350817532631,1.5855013034497134,1.6262948207171313,0.0052554791413928,-0.06794400318450022,-0.04079351726741787
0.5809682804674458,1.5578099815766935,1.5845057132783877,1.6262948207171313,0.0052554791413928,-0.06848483914043779,-0.041789107438743534
0.5826377295492488,1.5572689984972974,1.5835388928318925,1.625353677111254,0.005496137746276503,-0.06808467861395662,-0.04181478427936147
0.5843071786310517,1.5566986302411296,1.5826132959650518,1.6243027888446209,0.0057648590153339,-0.06760415860349123,-0.04168949287956902
0.5859766277128547,1.5561065288572893,1.5816938056359864,1.624302788844621,0.0057648590153339,-0.06819625998733181,-0.04260898320863471
0.5876460767946577,1.5555145430121151,1.5807742724260632,1.624302788844621,0.005871444909113374,-0.06878824583250598,-0.04352851641855793
0.5893155258764607,1.5549226767751425,1.5798546729782241,1.6243027888446209,0.006175194032730922,-0.06938011206947836,-0.04444811586639674
0.5909849749582637,1.5543310144865856,1.5789350594973386,1.624302788844621,0.007070192315393631,-0.06997177435803548,-0.045367729347282504
0.5926544240400667,1.5537363748380335,1.5780804492963127,1.624302788844621,0.0075886018756757,-0.07056641400658759,-0.046222339548308344
0.5943238731218699,1.5530122864733138,1.5772449024726936,1.6240334155864018,0.00779991619512427,-0.071021129113088,-0.04678851311370824
0.5959933222036728,1.5522881981085943,1.5764104302929083,1.6227065028699887,0.007426445078441578,-0.07041830476139443,-0.04629607257708046
0.5976627712854758,1.5515640967860327,1.5755757198344933,1.6213795901535757,0.007469291701481053,-0.069815493367543,-0.045803870319082396
0.5993322203672788,1.5508399883722626,1.5747407641606785,1.6181903438000913,0.007655938589309932,-0.06735035542782875,-0.04344957963941276
0.6010016694490818,1.5501158712561933,1.573932066369241,1.6075750420687858,0.007710460563451356,-0.05745917081259244,-0.033642975699544664
0.6026711185308848,1.5493217766398892,1.5731795806116218,1.6043824701195215,0.007897824114426926,-0.05506069347963227,-0.031202889507899734
0.6043405676126878,1.548341857848818,1.572435994896005,1.6041197480528633,0.008024219297455944,-0.05577789020404533,-0.03168375315685834
0.6060100166944908,1.5473619390577467,1.5716928631901248,1.6027928353364502,0.007672216384178364,-0.05543089627870357,-0.031099972146325428
0.6076794657762938,1.546382243207665,1.5709503004549061,1.6023904382470118,0.0075654686335353,-0.05600819503934673,-0.03144013779210564
0.6093489148580968,1.545402621432504,1.570207921285445,1.602131041776134,0.0075031071250701775,-0.056728420343630015,-0.03192312049068913
0.6110183639398998,1.544423220749247,1.5695235691056215,1.6008041290597208,0.007184104024075499,-0.05638090831047382,-0.031280559954099285
0.6126878130217028,1.5434438200659895,1.5688649424654948,1.6003984063745018,0.006882865816915173,-0.056954586308512356,-0.03153346390900702
0.6143572621035058,1.542116599116612,1.5682094982723316,1.6003984063745018,0.0066102232088753226,-0.058281807257889895,-0.03218890810217023
0.6160267111853088,1.5406630398230778,1.567554503453988,1.6003984063745018,0.006424442609301053,-0.059735366551423974,-0.03284390292051387
0.6176961602671118,1.5392094805295438,1.566900053729001,1.5994805419390883,0.0062890891210526795,-0.060271061409544524,-0.0325804882100873
0.6193656093489148,1.537756459095473,1.5662593055756864,1.5984063745019919,0.006197709639154999,-0.06064991540651876,-0.03214706892630548
0.6210350584307179,1.5363035063219268,1.565665944484105,1.5984063745019919,0.006197709639155,-0.06210286818006505,-0.032740430017886846
0.6227045075125209,1.53485107794233,1.5650802981062133,1.5974918356623586,0.00599126959254847,-0.06264075772002853,-0.03241153755614534
0.6243739565943239,1.5333987316887725,1.564495179348778,1.596414342629482,0.005750676193392985,-0.0630156109407094,-0.03191916328070388
0.6260434056761269,1.531936024720863,1.5639105996153546,1.596414342629482,0.005764670508193692,-0.0644783179086188,-0.032503743014127284
0.6277128547579299,1.5299019440241646,1.5633262655105922,1.596414342629482,0.006042650876466646,-0.06651239860531732,-0.033088077118889725
0.6293823038397329,1.527867863327466,1.5627657139286837,1.5959221544539701,0.006552779072072038,-0.06805429112650407,-0.033156440525286435
0.6310517529215359,1.5258337826307675,1.5622203641510544,1.5932683290211438,0.007553552888196542,-0.06743454639037627,-0.03104796487008943
0.6327212020033389,1.5237987717126993,1.561677223384914,1.592430278884462,0.00840426771769167,-0.0686315071717627,-0.030753055499547877
0.6343906510851419,1.5217637185854374,1.5611344143862356,1.5921875103924865,0.0090427512475843,-0.07042379180704916,-0.031053096006250946
0.6360601001669449,1.519727904946956,1.5605920720936897,1.5908605976760735,0.0090427512475843,-0.07113269272911737,-0.0302685255823838
0.6377295492487479,1.5176918793891312,1.560050025992868,1.590438247011952,0.009091068536324494,-0.07274636762282083,-0.030388221019084005
0.6393989983305509,1.5156558538313063,1.5595095637742744,1.5899593612195624,0.009082273005707173,-0.07430350738825608,-0.030449797445287974
0.6410684474123539,1.5131575410433875,1.5589693358245644,1.587305535786736,0.008711630493419774,-0.07414799474334854,-0.028336199962171627
0.6427378964941569,1.5104802396546826,1.5584287953874159,1.586454183266932,0.008044479515257219,-0.07597394361224952,-0.02802538787951625
0.6444073455759599,1.5078029382659772,1.5578879945686825,1.5859819486661033,0.007346836329716386,-0.07817901040012609,-0.02809395409742077
0.6460767946577629,1.5051263366873648,1.5573470327111394,1.583328123233277,0.007155311334594891,-0.07820178654591214,-0.025981090522137595
0.6477462437395659,1.502450096125917,1.556780903125746,1.5815722086611814,0.007452949602699464,-0.07912211253526436,-0.024791305535435404
0.649415692821369,1.4997743702240471,1.556191936641308,1.5802452959447684,0.007842500818849981,-0.08047092572072123,-0.02405335930346042
0.651085141903172,1.4970991904898567,1.5555999341302353,1.5789183832283553,0.007565599607505429,-0.08181919273849858,-0.023318449098119975
0.652754590984975,1.494424010755666,1.5550080506403536,1.5766968852469918,0.0068449210998424905,-0.0822728744913257,-0.021688834606638174
0.654424040066778,1.4914674743133924,1.554416358933216,1.5742725259230188,0.006048626139611733,-0.08280505160962637,-0.019856166989802748
0.656093489148581,1.488128585652231,1.5538221487545594,1.5729456132066058,0.005916388801147109,-0.0848170275543747,-0.01912346445204638
0.657762938230384,1.4847896969910699,1.5531167327461182,1.570727440821023,0.005458759427515489,-0.08593774382995312,-0.017610708074904835
0.659432387312187,1.4814512635692982,1.5523926443813985,1.5682997559012697,0.004958172281636158,-0.08684849233197145,-0.01590711151987123
0.66110183639399,1.47811362997497,1.5516685449279435,1.5669728431848562,0.005022698501446178,-0.08885921320988621,-0.015304298256912707
0.662771285475793,1.474776232575917,1.5509444375370462,1.5656459304684431,0.005096880443903245,-0.09086969789252608,-0.014701492931396887
0.664440734557596,1.4714398540484221,1.5502203216762418,1.563873387917445,0.005171938252781425,-0.09243353386902275,-0.013653066241203105
0.666110183639399,1.4681034755209272,1.5494363209786304,1.5598926497682057,0.005227681841398507,-0.0917891742472785,-0.010456328789575364
0.667779632721202,1.4646953479210914,1.5484832064332796,1.5567965200965752,0.005175554236228325,-0.09210117217548386,-0.008313313663295574
0.669449081803005,1.4607938767795474,1.5475032876422083,1.553923205342237,0.005159403864513458,-0.09312932856268952,-0.006419917700028588
0.671118530884808,1.456892405638003,1.5465235596339584,1.5499424671929976,0.005596904591377404,-0.09305006155499451,-0.003418907559039175
0.672787979966611,1.4529908609977702,1.5455439271738456,1.5468430119255863,0.005780838361635591,-0.09385215092781607,-0.0012990847517406756
0.674457429048414,1.449088271754258,1.5445644945991421,1.54418918649276,0.005904355545574233,-0.09510091473850202,0.00037530810638219947
0.6761268781302171,1.4451856825107448,1.5435850939158846,1.5415353610599336,0.0063762716064186984,-0.09634967854918886,0.002049732855951003
0.6777963272120201,1.4412820968134792,1.5423080443712307,1.5380035783410597,0.006655819219955285,-0.09672148152758053,0.004304466030170984
0.6794657762938231,1.4373783894679981,1.540872708777734,1.5346613545816732,0.006815491131580876,-0.09728296511367507,0.006211354196060892
0.6811352253756261,1.433474682122517,1.5394191494842,1.534661354581673,0.006862595332061043,-0.10118667245915591,0.004757794902527035
0.6828046744574291,1.429230465117646,1.5379660504664823,1.532037459510871,0.00826642727209194,-0.10280699439322505,0.005928590955611268
0.6844741235392321,1.4249165040768759,1.5365130877889848,1.5284757464299727,0.010020992396762414,-0.10355924235309688,0.008037341359012018
0.6861435726210351,1.4206025430361051,1.5350605837680766,1.5271488337135595,0.009904386012817581,-0.10654629067745436,0.007911750054517164
0.6878130217028381,1.4162879014233005,1.533608225668232,1.5249506149026595,0.010319882184697217,-0.10866271347935896,0.008657610765572477
0.6894824707846411,1.4119730551121745,1.5321470131836623,1.5222967894698334,0.010910400655262891,-0.11032373435765885,0.009850223713828932
0.6911519198664441,1.407657682733345,1.530195350406182,1.5196429640370073,0.010939898191350002,-0.11198528130366237,0.010552386369174771
0.6928213689482471,1.4033419511518637,1.5281612697094835,1.5117812556119425,0.010589888431869594,-0.10843930446007888,0.016380014097540974
0.6944908180300501,1.3990262195703822,1.526127189012785,1.5023831219362949,0.010070701929223087,-0.10335690236591266,0.023744067076490127
0.6961602671118531,1.3945772210759424,1.5240923122746866,1.4997292965034683,0.009725958260935018,-0.10515207542752592,0.024363015771218244
0.6978297161936561,1.3900114815311482,1.5220572652358983,1.4970754710706422,0.009492805224144807,-0.10706398953949403,0.024981794165256144
0.6994991652754591,1.385445741986354,1.5200215612975119,1.494222109890987,0.009203402088349813,-0.10877636790463296,0.025799451406524954
0.7011686143572621,1.380880328517082,1.5179855663080357,1.4902413717417473,0.00825911780684371,-0.10936104322466522,0.027744194566288405
0.7028380634390651,1.3763152800080913,1.5159495407502108,1.487121962899653,0.0078490237587029,-0.1108066828915617,0.028827577850557784
0.7045075125208682,1.3717504369739397,1.5135179106774146,1.4842719273157783,0.007897313678100861,-0.11252149034183856,0.029245983361636307
0.7061769616026712,1.3671860795007527,1.5108664275356771,1.4802911891665391,0.008923146760463673,-0.11310510966578646,0.030575238369138003
0.7078464106844742,1.3626217220275656,1.5081891261469718,1.4771684547286643,0.009266533499149222,-0.11454673270109872,0.031020671418307444
0.7095158597662772,1.3580290341643115,1.5055124236241109,1.4743217447405703,0.009065867685314765,-0.11629271057625878,0.031190678883540546
0.7111853088480802,1.3533446974089516,1.502836130987669,1.4703410065913305,0.00785932424415704,-0.11699630918237891,0.032495124396338504
0.7128547579298832,1.3486603606535916,1.5001603308486242,1.4672149465576756,0.007088927326153278,-0.11855458590408396,0.03294538429094862
0.7145242070116862,1.3439761164625041,1.4974850723323663,1.4641820032058739,0.006510386576284723,-0.12020588674336974,0.03330306912649239
0.7161936560934892,1.3392923088756707,1.4948098925981756,1.4588743523402212,0.0056370807429042494,-0.11958204346455048,0.035935540257954424
0.7178631051752922,1.334608501495165,1.491893940511237,1.454418053994373,0.005185874822685214,-0.119809552499208,0.037475886516864065
0.7195325542570952,1.3299252230768577,1.4886102043233194,1.4506235492088408,0.004993850851713928,-0.12069832613198317,0.03798665511447852
0.7212020033388982,1.3252419446585502,1.4852713156621582,1.4479697237760143,0.004945149283009272,-0.12272777911746413,0.0373015918861439
0.7228714524207012,1.3205586662402424,1.4819328165742887,1.4444678714191646,0.005407755904376384,-0.12390920517892212,0.03746494515512411
0.7245409015025042,1.315854993450212,1.4785950676086888,1.4404871332699252,0.006066072183761594,-0.12463213981971322,0.03810793433876358
0.7262103505843072,1.3111499994041316,1.4752576361396006,1.4365063951206856,0.006142533824855093,-0.125356395716554,0.03875124101891503
0.7278797996661102,1.3064450053580512,1.4719211106447714,1.4316809556432033,0.0057429972972137784,-0.1252359502851521,0.04024015500156808
0.7295492487479132,1.3017403414449538,1.4685847321172765,1.426732469121843,0.00516762073981098,-0.12499212767688928,0.04185226299543343
0.7312186978297163,1.2970357234208807,1.46518695397691,1.4240786436890165,0.00520488245763133,-0.1270429202681358,0.041108310287893524
0.7328881469115193,1.2923313699034786,1.4613566452744469,1.4197420667912652,0.004473894120912283,-0.1274106968877866,0.04161457848318162
0.7345575959933223,1.2876271279014133,1.4574551741329027,1.4146106725019785,0.003487918785316683,-0.12698354460056516,0.04284450163092424
0.7362270450751253,1.282922885899348,1.453553640094503,1.410629934352739,0.0037315554899501587,-0.1277070484533911,0.04292370574176396
0.7378964941569283,1.2782449029599623,1.4496512015300023,1.4058111460668177,0.004438187402574824,-0.12756624310685538,0.04384005546318459
0.7395659432387313,1.273581549592741,1.4457486122864895,1.4005034952011652,0.0053387827387151345,-0.1269219456084243,0.045245117085324305
0.7412353923205343,1.26891819622552,1.4418451703228972,1.3951958443355124,0.005731442714773513,-0.1262776481099923,0.046649325987384804
0.7429048414023373,1.2642546938458419,1.4379414805245876,1.3907229180107614,0.005433438002791458,-0.12646822416491954,0.04721856251382617
0.7445742904841403,1.259591083988259,1.4340377731791065,1.3864029690919126,0.004689505912176392,-0.1268118851036537,0.047634804087193894
0.7462437395659433,1.2549273698861292,1.4298426730590108,1.379768405509847,0.003681620179189145,-0.12484103562371773,0.05007426754916389
0.7479131886477463,1.2502635035381844,1.4255387722608228,1.3756280387631445,0.0033294716759149794,-0.12536453522496016,0.04991073349767827
0.7495826377295493,1.2455996371902394,1.4212248112200523,1.3726416537522699,0.003379635654663319,-0.1270420165620305,0.04858315746778241
0.7512520868113522,1.2409670654086546,1.4169102677764984,1.3673340028866172,0.0035100214233443412,-0.12636693747796257,0.049576264889881205
0.7529215358931552,1.2363938515535962,1.4125954509921232,1.362854425370305,0.003281478944418417,-0.12646057381670883,0.04974102562181826
0.7545909849749582,1.2318206376985374,1.4082801544960362,1.3588736872210654,0.00303303702559509,-0.12705304952252794,0.04940646727497078
0.7562604340567612,1.2272473743414913,1.4039644747278142,1.3548929490718262,0.004186897935416693,-0.1276455747303349,0.049071525655987935
0.7579298831385642,1.2226739861720946,1.3996487431463327,1.350087463169027,0.004987624784538229,-0.1274134769969324,0.04956127997730575
0.7595993322203674,1.2181005789245036,1.3952189677647402,1.3452586980957637,0.005364554699002488,-0.12715811917126008,0.04996026966897649
0.7612687813021703,1.2135270164407688,1.3906700675563957,1.3439317853793507,0.004214752656403516,-0.13040476893858188,0.04673828217704501
0.7629382303839733,1.2089534539570344,1.3861043280116014,1.3426048726629376,0.0038338069527793558,-0.13365141870590325,0.04349945534866384
0.7646076794657763,1.204385648274444,1.3815388675074998,1.3408090509414756,0.004231666188822074,-0.13642340266703168,0.040729816566024146
0.7662771285475793,1.1999314132708214,1.3769737663547394,1.3355014000758234,0.006918743024475151,-0.13556998680500199,0.04147236627891604
0.7679465776293823,1.1954771782671987,1.3724088936818282,1.325285169838176,0.009559544004893387,-0.12980799157097733,0.047123723843652154
0.7696160267111853,1.191022943263576,1.3678444661688016,1.3129339071094588,0.011856547740746216,-0.12191096384588285,0.054910559059342834
0.7712854757929883,1.1865688348464638,1.3632801086956146,1.307626256243806,0.011736146699452521,-0.1210574213973421,0.05565385245180865
0.7729549248747913,1.1821147280891253,1.3586915073552128,1.302318605378153,0.0112940226414045,-0.1202038772890277,0.0563729019770598
0.7746243739565943,1.177660725536549,1.3540203905128545,1.2968613027023785,0.010564046030222221,-0.11920057716582955,0.05715908781047596
0.7762938230383973,1.1732067470254948,1.3493360537574945,1.2902267391203133,0.009160473051515816,-0.1170199920948185,0.059109314637181276
0.7779632721202003,1.168752768514441,1.3446517962144549,1.2860265116495622,0.008133725951250064,-0.11727374313512118,0.05862528456489269
0.7796327212020033,1.16439652099637,1.3399679256495525,1.2832263600023945,0.0073742951992535385,-0.1188298390060245,0.05674156564715793
0.7813021702838063,1.1600726214684083,1.335284118239285,1.279245621853155,0.00684028342321511,-0.11917300038474665,0.05603849638613001
0.7829716193656093,1.155748721940446,1.3306007635207182,1.2760730034785732,0.006504146921232797,-0.12032428153812713,0.05452776004214499
0.7846410684474123,1.151424879124066,1.3259174851024107,1.273276177427186,0.006298478509130904,-0.12185129830311991,0.05264130767522479
0.7863105175292154,1.1471010617728634,1.3212342066841025,1.269295439277946,0.006121265671667291,-0.12219437750508266,0.05193876740615644
0.7879799666110184,1.142777286790597,1.3165334756843514,1.2661194953075838,0.006370018876359712,-0.12334220851698685,0.050413980376767586
0.7896494156928214,1.1384535516161538,1.3118286722231174,1.2633259948519775,0.006853542750165559,-0.1248724432358237,0.04850267737113989
0.7913188647746244,1.1341298164417104,1.307123678177037,1.2587119644331668,0.006662017381243068,-0.1245821479914564,0.04841171374387021
0.7929883138564274,1.129867962602925,1.3024189666438406,1.2546692353087665,0.006464762896208759,-0.1248012727058414,0.0477497313350741
0.7946577629382304,1.125680425085744,1.2977143420004962,1.251247430977259,0.006425972028868623,-0.12556700589151504,0.04646691102323719
0.7963272120200334,1.121492887568563,1.293009950329276,1.2459397801116066,0.0057533126754695406,-0.12444689254304353,0.04707017021766946
0.7979966611018364,1.1173053387930114,1.2883056922416583,1.2398339862586378,0.005460375913694237,-0.12252864746562642,0.04847170598302042
0.7996661101836394,1.1131177726383101,1.283601450239593,1.2333324465077917,0.005561707163652091,-0.12021467386948159,0.05026900373180121
0.8013355592654424,1.108930200223105,1.2789196795563933,1.228024795642139,0.006943787021782329,-0.11909459541903411,0.05089488391425423
0.8030050083472454,1.1047426054308842,1.2742542159435726,1.2235119621680222,0.008128208426510183,-0.11876935673713795,0.05074225377555042
0.8046744574290484,1.1005550106386635,1.2695908625763515,1.2195312240187826,0.009029912882143994,-0.1189762133801191,0.0500596385575689
0.8063439065108514,1.096390224669526,1.2649273816910054,1.2155504858695432,0.008543371507494967,-0.1191602612000171,0.04937689582146221
0.8080133555926544,1.0923475157230822,1.2602637873365945,1.2091952723330384,0.008349350536499343,-0.11684775660995617,0.051068515003556136
0.8096828046744574,1.0883048067766388,1.2556000882712406,1.201739286593193,0.00831074173272778,-0.1134344798165543,0.05386080167804752
0.8113522537562604,1.0842620991475385,1.2509362438840244,1.1990854611603667,0.007868674747047595,-0.11482336201282828,0.05185078272365762
0.8130217028380634,1.080219403897182,1.2462723775360793,1.1964316357275404,0.007670455350005335,-0.11621223183035845,0.049840741808538924
0.8146911519198665,1.0761767086468255,1.2416352916634321,1.1936547632508359,0.0075614588067130385,-0.1174780546040104,0.04798052841259626
0.8163606010016695,1.0721340260193803,1.2370535157122413,1.1896740251015965,0.006694632126181727,-0.11753999908221613,0.04737949061064484
0.8180300500834725,1.0680913444651112,1.2324803018571826,1.1864781275565517,0.0063405149609522,-0.11838678309144046,0.046002174300630916
0.8196994991652755,1.0640486629108423,1.2279070456405607,1.1835848592275307,0.00633286969863793,-0.11953619631668833,0.044322186413030096
0.8213689482470785,1.0601351164682704,1.2233336754747468,1.1782772083618778,0.006248134707988135,-0.11814209189360736,0.045056467112869036
0.8230383973288815,1.0562425167243994,1.2187602709790941,1.1745325875130526,0.006331153918885354,-0.11829007078865317,0.044227683466041556
0.8247078464106845,1.0523499169805284,1.2141867308874281,1.171762366227909,0.006459980515364059,-0.1194124492473807,0.04242436465951904
0.8263772954924875,1.0484572585237144,1.2096131684036937,1.1677816280786701,0.005847665342493012,-0.11932436955495573,0.041831540325023564
0.8280467445742905,1.0445645853185903,1.2050445323301564,1.1630227005167975,0.0056806123656186255,-0.11845811519820715,0.042021831813358945
0.8297161936560935,1.0406718662215575,1.200573915300947,1.1579411901642178,0.005849142230668198,-0.11726932394266032,0.04263272513672911
0.8313856427378965,1.03677911955518,1.1961196802973244,1.1552873647313915,0.0062497252348368065,-0.11850824517621139,0.04083231556593292
0.8330550918196995,1.032886372888803,1.1916654452937017,1.1503089478480066,0.006316089338611381,-0.11742257495920372,0.04135649744569503
0.8347245409015025,1.0290786341764653,1.1872113186170925,1.143784128926697,0.006151104309678187,-0.11470549475023173,0.043427189690395496
0.8363939899833055,1.0253367487617608,1.1827572116203398,1.1384764780610444,0.006061137120943197,-0.11313972929928351,0.044280733559295404
0.8380634390651085,1.0215948633470564,1.1783031940367263,1.1323972889743197,0.0068207505776064214,-0.11080242562726328,0.04590590506240666
0.8397328881469115,1.0178530342164829,1.173849212057798,1.1257627253922542,0.008057589344353966,-0.10790969117577132,0.048086486665543715
0.8414023372287146,1.0141112608616383,1.1693952335467437,1.1191281618101878,0.007753873642622113,-0.10501690094854954,0.05026707173655587
0.8430717863105176,1.0103695242340573,1.1650248888017984,1.11172538560283,0.008334710656845084,-0.10135586136877262,0.05329950319896848
0.8447412353923206,1.0066278629390728,1.1606963232314527,1.1039700962427408,0.009464806893892914,-0.09734223330366798,0.05672622698871188
0.8464106844741236,1.0028862016440883,1.1563724237034905,1.0986624453770886,0.009478416732774752,-0.09577624373300031,0.0577099783264019
0.8480801335559266,0.9991853539830164,1.1520485727067369,1.0941196815409477,0.008696653012977566,-0.0949343275579313,0.05792889116578914
0.8497495826377296,0.9955968044705228,1.1477247516823048,1.0899394076448792,0.007349838355781692,-0.09434260317435639,0.057785344037425634
0.8514190317195326,0.9920082549580291,1.1434009705885226,1.0833048440628135,0.006241345066084845,-0.09129658910478433,0.06009612652570917
0.8530884808013356,0.9884196773194891,1.139077229671992,1.0789549647819403,0.006309049731095784,-0.09053528746245121,0.06012226489005168
0.8547579298831386,0.9848309908457298,1.1347534944975486,1.0762046970714798,0.007324883721594856,-0.09137370622575003,0.05854879742606878
0.8564273789649416,0.9812423001503334,1.1304827145729697,1.0722239589222406,0.00929722221405109,-0.09098165877190723,0.05825875565072902
0.8580968280467446,0.9776534767153084,1.126284457282929,1.0690014566109516,0.010676715509544002,-0.09134797989564314,0.057283000671977335
0.8597662771285476,0.9740646532802836,1.122096919765748,1.0663476311781253,0.011436398000115608,-0.09228297789784168,0.055749288587622736
0.8614357262103506,0.9704758298452588,1.1179093726141622,1.063693805745299,0.00987498647030191,-0.0932179759000401,0.05421556686886331
0.8631051752921536,0.9670387055340122,1.11372180896632,1.0610399803124728,0.008229187677216365,-0.09400127477846065,0.052681828653847074
0.8647746243739566,0.9636063390605107,1.1095342374541624,1.0584759459657198,0.006584898962382275,-0.09486960690520907,0.05105829148844254
0.8664440734557596,0.9601739725870093,1.1053466458897188,1.0571490332493063,0.0058423807975639935,-0.096975060662297,0.048197612640412446
0.8681135225375626,0.9567417373075225,1.101159051097498,1.053567366593725,0.005007460431489999,-0.09682562928620253,0.047591684503772935
0.8697829716193657,0.9533095152654868,1.0969909750650557,1.0484326467086575,0.004107880277470279,-0.09512313144317075,0.04855832835639817
0.8714524207011687,0.9498773992083516,1.0929306570937516,1.0457788212758312,0.0032954224584719758,-0.09590142206747965,0.04715183581792037
0.8731218697829717,0.9464453215977817,1.0888879481473082,1.0408802186911779,0.003366154125064206,-0.09443489709339614,0.0480077294561303
0.8747913188647747,0.9430132439872121,1.0848452403281874,1.0344950747926487,0.00410167408430943,-0.09148183080543659,0.05035016553553873
0.8764607679465777,0.9396852270966487,1.0808025432922563,1.0318412493598226,0.004564748863550834,-0.09215602226317388,0.04896129393243376
0.8781302170283807,0.9364078646648504,1.0767598480419003,1.0276975570173392,0.005301096178511497,-0.09128969235248885,0.049062291024561056
0.8797996661101837,0.9331305022330525,1.0727171635936608,1.02254953474915,0.006259218114742041,-0.08941903251609751,0.05016762884451076
0.8814691151919867,0.9298530629127868,1.068674481884591,1.0198957093163237,0.007346722125023459,-0.09004264640353687,0.04877877256826735
0.8831385642737897,0.9265755747249236,1.0646318003303221,1.0142754524473054,0.006876137826248385,-0.08769987772238186,0.05035634788301668
0.8848080133555927,0.923298031595744,1.0606996267674123,1.0066199309606314,0.005193984408444185,-0.08332189936488743,0.05407969580678085
0.8864774624373957,0.9200204176518155,1.0568040055627452,1.0039661055278053,0.003808263910848036,-0.08394568787598977,0.05283790003493993
0.8881469115191987,0.9167428037078872,1.0529114058188742,1.0005739978317114,0.002867961384602731,-0.08383119412382423,0.0523374079871628
0.8898163606010017,0.9135205152091013,1.0490187558311206,0.996593259682472,0.002345637951497482,-0.08307274447337076,0.052425496148648554
0.8914858096828047,0.910390171839625,1.0451260847533694,0.9926125215332324,0.002900310098039644,-0.08222234969360742,0.052513563220137005
0.8931552587646077,0.9072598284701487,1.0412333722760243,0.9886317833839929,0.003147757822562237,-0.08137195491384419,0.05260158889203137
0.8948247078464107,0.9041295128986169,1.0373406295863927,0.9846510452347536,0.0031436386203378135,-0.08052153233613668,0.052689584351639174
0.8964941569282138,0.9009992579316652,1.033447882920015,0.9806703070855138,0.003065373778072637,-0.0796710491538486,0.05277757583450127
0.8981636060100168,0.897869015333956,1.0296278822181322,0.9781528310796878,0.003224470750488163,-0.08028381574573173,0.051475051138444416
0.8998330550918198,0.8947388487695296,1.0258764977811747,0.976759406447665,0.0037197751095724607,-0.08202055767813543,0.04911709133350972
0.9015025041736228,0.8916086822051031,1.0221346123664703,0.9741055810148387,0.006926467884721421,-0.08249689880973554,0.04802903135163161
0.9031719532554258,0.8884894151774498,1.0183927751171808,0.9714517555820124,0.009136792014572568,-0.08296234040456252,0.04694101953516849
0.9048414023372288,0.8854976994181616,1.0146509937169552,0.968797930149186,0.010480828556470775,-0.08330023073102444,0.04585306356776919
0.9065108514190318,0.8825059836588733,1.0109092517916427,0.9661441047163599,0.010877776001740646,-0.08363812105748658,0.044765147075282785
0.9081803005008348,0.8795142671138054,1.0071675796302926,0.9634902792835337,0.011201799930520394,-0.08397601216972828,0.043677300346758874
0.9098497495826378,0.8765225065307016,1.003425918335308,0.9608963145747562,0.011462352536138089,-0.08437380804405459,0.042529603760551815
0.9115191986644408,0.8735307459475978,0.9997191835033472,0.9595694018583429,0.01166099827669006,-0.08603865591074511,0.04014978164500427
0.9131886477462438,0.8705389475779031,0.9961144355216703,0.9560775262888347,0.012600791421923555,-0.08553857871093162,0.04003690923283565
0.9148580968280468,0.8675471421709838,0.9925258860091767,0.9509394808079866,0.014113022879194071,-0.0833923386370028,0.04158640520119006
0.9165275459098498,0.8645553367640645,0.9889373124276839,0.9496125680915735,0.014520393744139664,-0.08505723132750898,0.03932474433611044
0.9181969949916527,0.861667198062882,0.9853486416528828,0.9425390258664842,0.014158563019028082,-0.08087182780360225,0.042809615786398636
0.9198664440734557,0.8588079964433939,0.9817599515664374,0.9310224876786676,0.01311759117908224,-0.07221449123527368,0.050737463887769785
0.9215358931552587,0.8559487948239061,0.978171147278467,0.9296955749622544,0.011419380941427006,-0.07374678013834834,0.04847557231621258
0.9232053422370617,0.8530896039708489,0.9745823238434421,0.9276536591530373,0.009919897615484969,-0.07456405518218845,0.0469286646904048
0.9248747913188649,0.8502304172926326,0.9709935004084171,0.9249000658467963,0.00856407957078591,-0.07466964855416369,0.04609343456162085
0.9265442404006679,0.8473712387731791,0.9675344942263405,0.9195924149811439,0.006532217168077431,-0.07222117620796475,0.04794207924519667
0.9282136894824708,0.8445120670362349,0.96410144145757,0.9157081191095383,0.00519931469153641,-0.07119605207330337,0.04839332234803173
0.9298831385642738,0.8416528952992907,0.9606690749840686,0.9130077353357852,0.004466478858851878,-0.0713548400364945,0.04766133964828345
0.9315525876460768,0.8388565123822886,0.9572368207804746,0.9090269971865459,0.0036188466463477776,-0.07017048480425725,0.04820982359392867
0.9332220367278798,0.836126847323781,0.9538045968290002,0.9064629628397929,0.003275901332750537,-0.07033611551601193,0.04734163398920732
0.9348914858096828,0.833397182265273,0.9503724654840516,0.905049584633087,0.003352959816338959,-0.071652402367814,0.045322880850964586
0.9365609348914858,0.8306674860896015,0.9469403823277491,0.9010688464838477,0.00281512902693864,-0.07040136039424616,0.04587153584390147
0.9382303839732888,0.827937747570262,0.9435083047171795,0.8977931346400707,0.002532476797904409,-0.06985538706980876,0.04571517007710879
0.9398998330550918,0.8252079907556357,0.9401652775669854,0.8951393092072444,0.002474029406073791,-0.06993131845160871,0.04502596835974104
0.9415692821368948,0.8224781787754644,0.9368806084725245,0.8924854837744183,0.002387140358739435,-0.07000730499895391,0.04439512469810625
0.9432387312186978,0.819748366795293,0.9336032460407265,0.8884282569222277,0.00249608407841088,-0.06867989012693476,0.04517498911849882
0.9449081803005008,0.8170423931730539,0.9303258178112535,0.8831937691637457,0.0027776091979179844,-0.06615137599069176,0.04713204864750775
0.9465776293823038,0.8144394916463873,0.9270483366723068,0.8805399437309195,0.0029919515019459246,-0.06610045208453219,0.04650839294138731
0.9482470784641068,0.8118365901197204,0.9237708014681485,0.8771877431841917,0.0033330190626117504,-0.06535115306447126,0.04658305828395681
0.9499165275459098,0.809233704677784,0.9204931977389078,0.8732402609927568,0.003767374942663268,-0.06400655631497276,0.04725293674615105
0.9515859766277129,0.8066309301522918,0.9172155837949793,0.8705864355599304,0.003393995211924601,-0.06395550540763861,0.04662914823504882
0.9532554257095159,0.8040281556267999,0.9139853148661548,0.8686276596452254,0.003257437146932468,-0.06459950401842551,0.04535765522092938
0.9549248747913189,0.8014255020227631,0.9108417088528814,0.8672708165667877,0.003338782724187404,-0.06584531454402465,0.043570892286093676
0.9565943238731219,0.7988228544984458,0.9077113654834051,0.8646169911339614,0.003533281117892439,-0.06579413663551559,0.04309437434944374
0.9582637729549249,0.7962202069741284,0.9045810459021532,0.8626548896234759,0.0036674227976436326,-0.06643468264934749,0.04192615627867724
0.9599332220367279,0.7937283518642387,0.9014507821932818,0.8613013721408189,0.003735446906104777,-0.06757302027658019,0.040149410052462864
0.9616026711185309,0.7912500626650789,0.8983205378113687,0.8586475467079926,0.0032808087050172556,-0.06739748404291368,0.039672991103376076
0.9632721202003339,0.7887717734659192,0.8951903602795059,0.8559937212751664,0.0033696032352423426,-0.06722194780924717,0.03919663900433956
0.9649415692821369,0.7862933355096261,0.8920601937150795,0.8533166166718766,0.003945254190389744,-0.06702328116225054,0.03874357704320286
0.9666110183639399,0.7838148670157186,0.8889393544815372,0.8493358785226373,0.0035578662596735767,-0.06552101150691869,0.0396034759588999
0.9682804674457429,0.7813362810577225,0.8859292400637131,0.8460402131041775,0.0034423227995574665,-0.06470393204645508,0.039889026959535556
0.9699499165275459,0.7788576332690673,0.8829375243044248,0.8433464805219854,0.0035837780668442135,-0.06448884725291804,0.039591043782439495
0.9716193656093489,0.7763789854804122,0.8799458078727019,0.838038829656333,0.003876504954304666,-0.06165984417592085,0.041906978216368906
0.9732888146911519,0.7739710257146668,0.8769540536418735,0.8340946730606789,0.004100867969648315,-0.060123647346012055,0.04285938058119465
0.9749582637729549,0.771611392989225,0.8739622930587697,0.8314242196489501,0.00424887480111728,-0.059812826659725093,0.04253807340981963
0.9766277128547579,0.7692517602637832,0.8709705001396094,0.8274434814997107,0.003478025005817361,-0.05819172123592753,0.04352701863989872
0.9782971619365609,0.7668922548970825,0.8679786957477761,0.82414116488969,0.0028751421096491073,-0.057248909992607566,0.04383753085808606
0.979966611018364,0.7645328612319897,0.8649868903408565,0.8214873394568636,0.0024360811572753057,-0.05695447822487387,0.04349955088399293
0.981636060100167,0.7621735532029497,0.8620837982147114,0.8188335140240373,0.0023194734222289496,-0.056659960821087596,0.043250284190674115
0.98330550918197,0.7598143985982062,0.8592204225600143,0.8155045926477726,0.002331551680664621,-0.05569019404956643,0.043715829912241655
0.984974958263773,0.7574552439934628,0.8563612209405265,0.8115438080732162,0.0024655573692131984,-0.05408856407975349,0.044817412867310225
0.986644407345576,0.7551305295226904,0.8535020285344632,0.8102168953568031,0.0022931758357854575,-0.05508636583411264,0.04328513317766014
0.988313856427379,0.752887337033529,0.8506428412540464,0.8088899826403899,0.0022080651538675,-0.05600264560686097,0.04175285861365652
0.989983305509182,0.7506441445443675,0.8477836615577306,0.8075564187324158,0.0022080651538675,-0.05691227418804834,0.04022724282531476
0.991652754590985,0.74840088336799,0.844924488842442,0.8049025932995897,0.0022080651538675,-0.05650170993159964,0.04002189554285229
0.993322203672788,0.7461573995256989,0.8420653171054977,0.7989065441073768,0.0023854058848929395,-0.0527491445816779,0.043158772998120876
0.994991652754591,0.7439138978490607,0.8392598772024477,0.7896048527093626,0.0027390227466344863,-0.04569095486030195,0.04965502449308501
0.996661101836394,0.7416701226536402,0.8365205884129304,0.7750088128288184,0.003722385565077169,-0.03333869017517821,0.06151177558411203
0.998330550918197,0.7394263474582196,0.8337909233544226,0.8063059947189525,0.0270743324779802,-0.06687964726073292,0.02748492863547014
1.0,0.7371825722627989,0.8310612316672527,0.8832669322709163,0.07281890851562334,-0.14608436000811742,-0.052205700603663696
