shift_over_Lp,shift_physical_m,fit_error,objective_method
-0.2,-0.050349819302,0.11603919041217432,robust_weighted
-0.199,-0.05009807020549,0.11592858654011057,robust_weighted
-0.198,-0.04984632110898,0.11581982747683967,robust_weighted
-0.197,-0.04959457201247,0.11571291201156227,robust_weighted
-0.196,-0.049342822915960004,0.11560899784036652,robust_weighted
-0.195,-0.04909107381945,0.11550524297990737,robust_weighted
-0.194,-0.04883932472294,0.11540176334204283,robust_weighted
-0.193,-0.04858757562643,0.11529262926518453,robust_weighted
-0.192,-0.04833582652992,0.11517857753190111,robust_weighted
-0.191,-0.04808407743341,0.11506521543824484,robust_weighted
-0.19,-0.0478323283369,0.11495198324709731,robust_weighted
-0.189,-0.04758057924039,0.11486113793807917,robust_weighted
-0.188,-0.04732883014388,0.11477150881101979,robust_weighted
-0.187,-0.04707708104737,0.11468045509143043,robust_weighted
-0.186,-0.04682533195086,0.11458924375287022,robust_weighted
-0.185,-0.046573582854349996,0.11449789266877208,robust_weighted
-0.184,-0.04632183375784,0.11439847741641684,robust_weighted
-0.183,-0.046070084661329995,0.11429970569382758,robust_weighted
-0.182,-0.04581833556482,0.11420896484549502,robust_weighted
-0.18100000000000002,-0.04556658646831,0.11411786105276248,robust_weighted
-0.18000000000000002,-0.045314837371800004,0.11402957768841158,robust_weighted
-0.17900000000000002,-0.04506308827529,0.11392993688348776,robust_weighted
-0.17800000000000002,-0.04481133917878,0.11382715903024734,robust_weighted
-0.17700000000000002,-0.044559590082270006,0.11373411372535408,robust_weighted
-0.17600000000000002,-0.04430784098576,0.1136426535397691,robust_weighted
-0.17500000000000002,-0.044056091889250006,0.1135282722612736,robust_weighted
-0.17400000000000002,-0.04380434279274,0.11343309154297283,robust_weighted
-0.17300000000000001,-0.043552593696230005,0.11333844272916925,robust_weighted
-0.17200000000000001,-0.04330084459972,0.11324328737885586,robust_weighted
-0.171,-0.043049095503210004,0.11314818784511041,robust_weighted
-0.17,-0.0427973464067,0.1130547050644575,robust_weighted
-0.169,-0.04254559731019,0.11297826563549243,robust_weighted
-0.168,-0.04229384821368,0.11288972232245803,robust_weighted
-0.167,-0.04204209911717,0.11279408949985129,robust_weighted
-0.166,-0.04179035002066,0.11269892898255657,robust_weighted
-0.165,-0.04153860092415,0.11260367006049686,robust_weighted
-0.164,-0.04128685182764,0.11251345047785039,robust_weighted
-0.163,-0.04103510273113,0.11242303135190142,robust_weighted
-0.162,-0.04078335363462,0.11233059858806027,robust_weighted
-0.161,-0.04053160453811,0.11223905137274502,robust_weighted
-0.16,-0.0402798554416,0.11214736531709422,robust_weighted
-0.159,-0.04002810634509,0.11205670376288433,robust_weighted
-0.158,-0.03977635724858,0.11196672922893458,robust_weighted
-0.157,-0.03952460815207,0.11187562951904136,robust_weighted
-0.15600000000000003,-0.03927285905556001,0.11178560361696055,robust_weighted
-0.15500000000000003,-0.039021109959050004,0.11169576756059657,robust_weighted
-0.15400000000000003,-0.03876936086254001,0.11160942101841963,robust_weighted
-0.15300000000000002,-0.038517611766030004,0.11152720460130475,robust_weighted
-0.15200000000000002,-0.03826586266952001,0.11144654840167761,robust_weighted
-0.15100000000000002,-0.03801411357301,0.11136681890701693,robust_weighted
-0.15000000000000002,-0.037762364476500006,0.111247524026864,robust_weighted
-0.14900000000000002,-0.03751061537999,0.11116140742967434,robust_weighted
-0.14800000000000002,-0.037258866283480005,0.11108165757090874,robust_weighted
-0.14700000000000002,-0.03700711718697,0.1110060706044141,robust_weighted
-0.14600000000000002,-0.036755368090460004,0.11093703291420082,robust_weighted
-0.14500000000000002,-0.03650361899395,0.11086913123432492,robust_weighted
-0.14400000000000002,-0.03625186989744,0.1107922661692415,robust_weighted
-0.14300000000000002,-0.036000120800930006,0.1107204576535489,robust_weighted
-0.14200000000000002,-0.03574837170442,0.11065225460868022,robust_weighted
-0.14100000000000001,-0.035496622607910006,0.11058600435489999,robust_weighted
-0.14,-0.0352448735114,0.11052170067438172,robust_weighted
-0.139,-0.034993124414890005,0.11045722916011291,robust_weighted
-0.138,-0.03474137531838,0.11039328800349002,robust_weighted
-0.137,-0.034489626221870004,0.11032989001449514,robust_weighted
-0.136,-0.03423787712536,0.11026731928821881,robust_weighted
-0.135,-0.03398612802885,0.11020573314038201,robust_weighted
-0.134,-0.03373437893234,0.11015309718565157,robust_weighted
-0.133,-0.03348262983583,0.11010593003974767,robust_weighted
-0.132,-0.03323088073932,0.11003199263130553,robust_weighted
-0.131,-0.03297913164281,0.1099650674371967,robust_weighted
-0.13,-0.0327273825463,0.10989372220091882,robust_weighted
-0.129,-0.03247563344979,0.10982894583042745,robust_weighted
-0.128,-0.03222388435328,0.10977222943906051,robust_weighted
-0.127,-0.03197213525677,0.10970327398070245,robust_weighted
-0.126,-0.031720386160259996,0.10963544271110562,robust_weighted
-0.125,-0.03146863706375,0.10952224270235844,robust_weighted
-0.12400000000000001,-0.031216887967240002,0.109467425627176,robust_weighted
-0.12300000000000001,-0.03096513887073,0.10940429669532228,robust_weighted
-0.12200000000000001,-0.03071338977422,0.10933905227276075,robust_weighted
-0.12100000000000001,-0.03046164067771,0.10927261503781827,robust_weighted
-0.12000000000000001,-0.0302098915812,0.1092065761102449,robust_weighted
-0.11900000000000001,-0.02995814248469,0.10915237189378604,robust_weighted
-0.11800000000000001,-0.02970639338818,0.10908998529238055,robust_weighted
-0.117,-0.02945464429167,0.10902093901484858,robust_weighted
-0.116,-0.029202895195160002,0.10895282002764486,robust_weighted
-0.115,-0.028951146098650002,0.10888397776947008,robust_weighted
-0.114,-0.02869939700214,0.10882535130314674,robust_weighted
-0.113,-0.02844764790563,0.10876973435854886,robust_weighted
-0.11200000000000002,-0.028195898809120004,0.10870801319199902,robust_weighted
-0.11100000000000002,-0.027944149712610004,0.10864680971450778,robust_weighted
-0.11000000000000001,-0.027692400616100003,0.10858406014379636,robust_weighted
-0.10900000000000001,-0.027440651519590003,0.10852189404199855,robust_weighted
-0.10800000000000001,-0.027188902423080002,0.10845973651582344,robust_weighted
-0.10700000000000001,-0.026937153326570002,0.10839755469457413,robust_weighted
-0.10600000000000001,-0.02668540423006,0.10833501150567204,robust_weighted
-0.10500000000000001,-0.02643365513355,0.10827203091684641,robust_weighted
-0.10400000000000001,-0.02618190603704,0.10820858154048903,robust_weighted
-0.10300000000000001,-0.02593015694053,0.10814466894137338,robust_weighted
-0.10200000000000001,-0.02567840784402,0.10808439223123972,robust_weighted
-0.101,-0.02542665874751,0.10802543528291919,robust_weighted
-0.1,-0.025174909651,0.1079431480113427,robust_weighted
-0.099,-0.02492316055449,0.10791790847567545,robust_weighted
-0.098,-0.024671411457980002,0.10789222910655455,robust_weighted
-0.097,-0.02441966236147,0.10786602122163069,robust_weighted
-0.096,-0.02416791326496,0.10783921778916282,robust_weighted
-0.09500000000000001,-0.023916164168450004,0.10781193930142292,robust_weighted
-0.09400000000000001,-0.023664415071940004,0.1077841649036962,robust_weighted
-0.09300000000000001,-0.023412665975430003,0.10775587420638007,robust_weighted
-0.09200000000000001,-0.023160916878920003,0.10772691399335753,robust_weighted
-0.09100000000000001,-0.022909167782410002,0.10769730915384379,robust_weighted
-0.09000000000000001,-0.022657418685900002,0.10766717291748006,robust_weighted
-0.08900000000000001,-0.02240566958939,0.10763645106428155,robust_weighted
-0.08800000000000001,-0.02215392049288,0.10760467426910601,robust_weighted
-0.08700000000000001,-0.02190217139637,0.10757160071162788,robust_weighted
-0.08600000000000001,-0.02165042229986,0.10753715773007502,robust_weighted
-0.085,-0.02139867320335,0.10750135959875345,robust_weighted
-0.084,-0.02114692410684,0.1074641466058889,robust_weighted
-0.083,-0.02089517501033,0.1074254701818878,robust_weighted
-0.082,-0.02064342591382,0.10738520896107806,robust_weighted
-0.081,-0.02039167681731,0.10734340817130979,robust_weighted
-0.08000000000000002,-0.020139927720800005,0.10730014873764127,robust_weighted
-0.07900000000000001,-0.019888178624290005,0.10725523197501743,robust_weighted
-0.07800000000000001,-0.019636429527780004,0.1072082265419193,robust_weighted
-0.07700000000000001,-0.019384680431270004,0.10715904461450657,robust_weighted
-0.07600000000000001,-0.019132931334760003,0.10710772496225898,robust_weighted
-0.07500000000000001,-0.018881182238250003,0.10705422219760548,robust_weighted
-0.07400000000000001,-0.018629433141740002,0.10699831648355247,robust_weighted
-0.07300000000000001,-0.018377684045230002,0.10693989724027086,robust_weighted
-0.07200000000000001,-0.01812593494872,0.10687916678799736,robust_weighted
-0.07100000000000001,-0.01787418585221,0.10681609998663595,robust_weighted
-0.07,-0.0176224367557,0.10675028019770577,robust_weighted
-0.069,-0.01737068765919,0.10668097583077148,robust_weighted
-0.068,-0.01711893856268,0.10660807497172982,robust_weighted
-0.067,-0.01686718946617,0.10653168855008288,robust_weighted
-0.066,-0.01661544036966,0.1064518488514778,robust_weighted
-0.065,-0.01636369127315,0.10636839213084387,robust_weighted
-0.064,-0.01611194217664,0.10628100819712497,robust_weighted
-0.063,-0.015860193080129998,0.10618952605615556,robust_weighted
-0.062,-0.01560844398362,0.10609431967863481,robust_weighted
-0.061,-0.015356694887109999,0.10599523482614799,robust_weighted
-0.06,-0.015104945790599998,0.10589188999486064,robust_weighted
-0.059,-0.014853196694089998,0.1057836450692184,robust_weighted
-0.057999999999999996,-0.014601447597579998,0.10567078329044013,robust_weighted
-0.056999999999999995,-0.014349698501069999,0.10555330039749487,robust_weighted
-0.055999999999999994,-0.014097949404559999,0.10543102815183705,robust_weighted
-0.05500000000000002,-0.013846200308050005,0.10530350136138995,robust_weighted
-0.05400000000000002,-0.013594451211540005,0.10517083887842144,robust_weighted
-0.05300000000000002,-0.013342702115030004,0.10503311400937816,robust_weighted
-0.05200000000000002,-0.013090953018520004,0.10489033246953205,robust_weighted
-0.05100000000000002,-0.012839203922010003,0.10474176231006,robust_weighted
-0.05000000000000002,-0.012587454825500003,0.10458732982274595,robust_weighted
-0.049000000000000016,-0.012335705728990004,0.10442697274598384,robust_weighted
-0.048000000000000015,-0.012083956632480004,0.10426103131498739,robust_weighted
-0.047000000000000014,-0.011832207535970004,0.10408922511796202,robust_weighted
-0.04600000000000001,-0.011580458439460003,0.10391121295475195,robust_weighted
-0.04500000000000001,-0.011328709342950003,0.10372625338360227,robust_weighted
-0.04400000000000001,-0.011076960246440002,0.10353479954585128,robust_weighted
-0.04300000000000001,-0.010825211149930002,0.10333709579519623,robust_weighted
-0.04200000000000001,-0.010573462053420002,0.10313287134944367,robust_weighted
-0.04100000000000001,-0.010321712956910001,0.1029204400614042,robust_weighted
-0.04000000000000001,-0.010069963860400002,0.10270003941094077,robust_weighted
-0.03900000000000001,-0.009818214763890002,0.10247177703116067,robust_weighted
-0.038000000000000006,-0.009566465667380002,0.10223567123142197,robust_weighted
-0.037000000000000005,-0.009314716570870001,0.10199113114274633,robust_weighted
-0.036000000000000004,-0.00906296747436,0.10173790624055029,robust_weighted
-0.035,-0.00881121837785,0.10147577572426343,robust_weighted
-0.034,-0.00855946928134,0.10120494800194176,robust_weighted
-0.033,-0.00830772018483,0.10092550323276422,robust_weighted
-0.032,-0.00805597108832,0.10063770611815964,robust_weighted
-0.031,-0.00780422199181,0.10034186532595653,robust_weighted
-0.03,-0.007552472895299999,0.10003915642428761,robust_weighted
-0.028999999999999998,-0.007300723798789999,0.09972935943558567,robust_weighted
-0.027999999999999997,-0.007048974702279999,0.09941215067119519,robust_weighted
-0.026999999999999996,-0.006797225605769999,0.0990863805058623,robust_weighted
-0.025999999999999995,-0.0065454765092599985,0.09875205847443908,robust_weighted
-0.024999999999999994,-0.006293727412749998,0.09841009270148333,robust_weighted
-0.02400000000000002,-0.0060419783162400055,0.09806030423013139,robust_weighted
-0.02300000000000002,-0.005790229219730005,0.09769976122021955,robust_weighted
-0.02200000000000002,-0.005538480123220005,0.09732583482032263,robust_weighted
-0.02100000000000002,-0.005286731026710004,0.09693849945490962,robust_weighted
-0.020000000000000018,-0.005034981930200005,0.09653770174005624,robust_weighted
-0.019000000000000017,-0.004783232833690004,0.09612320221962554,robust_weighted
-0.018000000000000016,-0.004531483737180004,0.09569465193490873,robust_weighted
-0.017000000000000015,-0.0042797346406700035,0.09525113072188834,robust_weighted
-0.016000000000000014,-0.004027985544160003,0.0947924657514798,robust_weighted
-0.015000000000000013,-0.003776236447650003,0.09431831540197068,robust_weighted
-0.014000000000000012,-0.003524487351140003,0.09382506806626674,robust_weighted
-0.013000000000000012,-0.0032727382546300027,0.0933093295943939,robust_weighted
-0.01200000000000001,-0.0030209891581200027,0.09276903962882181,robust_weighted
-0.01100000000000001,-0.0027692400616100023,0.0922044137105436,robust_weighted
-0.010000000000000009,-0.0025174909651000024,0.09161465594014713,robust_weighted
-0.009000000000000008,-0.002265741868590002,0.09099791079361122,robust_weighted
-0.008000000000000007,-0.0020139927720800015,0.09035248949340081,robust_weighted
-0.007000000000000006,-0.0017622436755700016,0.08967996279234068,robust_weighted
-0.006000000000000005,-0.0015104945790600014,0.08897996325706382,robust_weighted
-0.0050000000000000044,-0.0012587454825500012,0.08825014497686809,robust_weighted
-0.0040000000000000036,-0.0010069963860400008,0.08749080811035131,robust_weighted
-0.0030000000000000027,-0.0007552472895300007,0.08670351564806486,robust_weighted
-0.0020000000000000018,-0.0005034981930200004,0.08588981887977969,robust_weighted
-0.0010000000000000009,-0.0002517490965100002,0.08504932726518728,robust_weighted
0.0,0.0,0.0841793588054959,robust_weighted
0.0010000000000000009,0.0002517490965100002,0.08327731787147569,robust_weighted
0.0020000000000000018,0.0005034981930200004,0.08234069609500234,robust_weighted
0.0030000000000000027,0.0007552472895300007,0.08137252402211272,robust_weighted
0.0040000000000000036,0.0010069963860400008,0.08037284206471794,robust_weighted
0.0050000000000000044,0.0012587454825500012,0.07934102301894802,robust_weighted
0.006000000000000005,0.0015104945790600014,0.07827631796822596,robust_weighted
0.007000000000000006,0.0017622436755700016,0.07717950990143052,robust_weighted
0.008000000000000007,0.0020139927720800015,0.07604810365716164,robust_weighted
0.00899999999999998,0.002265741868589995,0.07488002997876822,robust_weighted
0.009999999999999981,0.002517490965099995,0.07367172400141724,robust_weighted
0.010999999999999982,0.0027692400616099954,0.07242245503654823,robust_weighted
0.011999999999999983,0.003020989158119996,0.07113284945119097,robust_weighted
0.012999999999999984,0.0032727382546299958,0.06980866783902105,robust_weighted
0.013999999999999985,0.003524487351139996,0.06847316687790685,robust_weighted
0.014999999999999986,0.003776236447649996,0.06713898597147507,robust_weighted
0.015999999999999986,0.004027985544159996,0.06581309039101585,robust_weighted
0.016999999999999987,0.0042797346406699965,0.06449851834361663,robust_weighted
0.017999999999999988,0.004531483737179997,0.06319449764938669,robust_weighted
0.01899999999999999,0.004783232833689997,0.06190079665360252,robust_weighted
0.01999999999999999,0.005034981930199997,0.06061657978872175,robust_weighted
0.02099999999999999,0.005286731026709997,0.059341853772597514,robust_weighted
0.021999999999999992,0.005538480123219998,0.058075699255928905,robust_weighted
0.022999999999999993,0.005790229219729998,0.05681536047386431,robust_weighted
0.023999999999999994,0.0060419783162399985,0.05555226342007219,robust_weighted
0.024999999999999994,0.006293727412749998,0.05427717970992783,robust_weighted
0.025999999999999995,0.0065454765092599985,0.052990657798007226,robust_weighted
0.026999999999999996,0.006797225605769999,0.05169569089746384,robust_weighted
0.027999999999999997,0.007048974702279999,0.05040212851608879,robust_weighted
0.028999999999999998,0.007300723798789999,0.049107261570548046,robust_weighted
0.03,0.007552472895299999,0.047801143867796866,robust_weighted
0.031,0.00780422199181,0.04648606321569266,robust_weighted
0.032,0.00805597108832,0.045163999047393,robust_weighted
0.033,0.00830772018483,0.043833246073212796,robust_weighted
0.034,0.00855946928134,0.04249647986888604,robust_weighted
0.035,0.00881121837785,0.04115967821966151,robust_weighted
0.036000000000000004,0.00906296747436,0.03982588877644849,robust_weighted
0.037000000000000005,0.009314716570870001,0.038500226352273126,robust_weighted
0.038000000000000006,0.009566465667380002,0.03719618296697214,robust_weighted
0.03900000000000001,0.009818214763890002,0.03591118623048372,robust_weighted
0.03999999999999998,0.010069963860399994,0.03463397349874028,robust_weighted
0.04099999999999998,0.010321712956909994,0.03336029560195162,robust_weighted
0.04199999999999998,0.010573462053419995,0.03208539297788065,robust_weighted
0.04299999999999998,0.010825211149929995,0.030810227873024128,robust_weighted
0.043999999999999984,0.011076960246439995,0.02953920515881871,robust_weighted
0.044999999999999984,0.011328709342949996,0.028279428130912762,robust_weighted
0.045999999999999985,0.011580458439459996,0.027036608227093247,robust_weighted
0.046999999999999986,0.011832207535969997,0.025817034386632628,robust_weighted
0.04799999999999999,0.012083956632479997,0.024627457747970486,robust_weighted
0.04899999999999999,0.012335705728989996,0.0234860203631396,robust_weighted
0.04999999999999999,0.012587454825499996,0.02241347516945506,robust_weighted
0.05099999999999999,0.012839203922009997,0.021412183740568195,robust_weighted
0.05199999999999999,0.013090953018519997,0.02047868942979054,robust_weighted
0.05299999999999999,0.013342702115029997,0.019607546177747525,robust_weighted
0.05399999999999999,0.013594451211539998,0.018803603458685255,robust_weighted
0.05499999999999999,0.013846200308049998,0.01807403164464492,robust_weighted
0.055999999999999994,0.014097949404559999,0.01742645203336873,robust_weighted
0.056999999999999995,0.014349698501069999,0.01686741480156655,robust_weighted
0.057999999999999996,0.014601447597579998,0.016397866375624074,robust_weighted
0.059,0.014853196694089998,0.01601114897630449,robust_weighted
0.06,0.015104945790599998,0.01570184728024734,robust_weighted
0.061,0.015356694887109999,0.015472684195402521,robust_weighted
0.062,0.01560844398362,0.01532486428403291,robust_weighted
0.063,0.015860193080129998,0.01525226383365074,robust_weighted
0.064,0.01611194217664,0.015241970815097709,robust_weighted
0.065,0.01636369127315,0.015288204915937126,robust_weighted
0.066,0.01661544036966,0.01537955080110205,robust_weighted
0.067,0.01686718946617,0.015491887280635858,robust_weighted
0.068,0.01711893856268,0.015594123237268338,robust_weighted
0.069,0.01737068765919,0.015685108668867555,robust_weighted
0.07,0.0176224367557,0.0157750621955822,robust_weighted
0.07100000000000001,0.01787418585221,0.015871225519240747,robust_weighted
0.07200000000000001,0.01812593494872,0.01597535935624949,robust_weighted
0.07300000000000001,0.018377684045230002,0.016087399757512274,robust_weighted
0.07400000000000001,0.018629433141740002,0.01620720871439604,robust_weighted
0.07500000000000001,0.018881182238250003,0.016334363160256833,robust_weighted
0.07600000000000001,0.019132931334760003,0.016468734799020956,robust_weighted
0.07700000000000001,0.019384680431270004,0.016609990333009847,robust_weighted
0.07800000000000001,0.019636429527780004,0.016757668833266244,robust_weighted
0.07900000000000001,0.019888178624290005,0.016910254055796544,robust_weighted
0.08000000000000002,0.020139927720800005,0.017066331578393726,robust_weighted
0.08100000000000002,0.020391676817310002,0.017225666695038826,robust_weighted
0.08200000000000002,0.020643425913820002,0.017388107154515452,robust_weighted
0.08300000000000002,0.020895175010330003,0.017553956232658787,robust_weighted
0.08400000000000002,0.021146924106840003,0.01772319682652852,robust_weighted
0.08500000000000002,0.021398673203350004,0.017895477395789974,robust_weighted
0.08600000000000002,0.021650422299860004,0.018070637904841994,robust_weighted
0.08700000000000002,0.021902171396370004,0.01824913978460075,robust_weighted
0.08800000000000002,0.022153920492880005,0.018432000284464494,robust_weighted
0.08899999999999997,0.02240566958938999,0.018619822962022053,robust_weighted
0.08999999999999997,0.02265741868589999,0.01881301623533528,robust_weighted
0.09099999999999997,0.022909167782409992,0.0190115543354676,robust_weighted
0.09199999999999997,0.023160916878919992,0.019215300733883552,robust_weighted
0.09299999999999997,0.023412665975429993,0.01942385560940471,robust_weighted
0.09399999999999997,0.023664415071939993,0.019636941551988384,robust_weighted
0.09499999999999997,0.023916164168449994,0.01985451540896213,robust_weighted
0.09599999999999997,0.024167913264959994,0.020076668904468464,robust_weighted
0.09699999999999998,0.024419662361469995,0.02030407213947119,robust_weighted
0.09799999999999998,0.02467141145797999,0.020536685039070433,robust_weighted
0.09899999999999998,0.024923160554489992,0.020774640342414004,robust_weighted
0.09999999999999998,0.025174909650999992,0.021018215321801075,robust_weighted
0.10099999999999998,0.025426658747509993,0.021267899445659894,robust_weighted
0.10199999999999998,0.025678407844019993,0.021524377938722496,robust_weighted
0.10299999999999998,0.025930156940529994,0.02178637469109196,robust_weighted
0.10399999999999998,0.026181906037039994,0.02205310624586887,robust_weighted
0.10499999999999998,0.026433655133549994,0.022324737731986524,robust_weighted
0.10599999999999998,0.026685404230059995,0.0226016327236071,robust_weighted
0.10699999999999998,0.026937153326569995,0.022884546840265627,robust_weighted
0.10799999999999998,0.027188902423079996,0.023173708368355646,robust_weighted
0.10899999999999999,0.027440651519589996,0.02346914679740908,robust_weighted
0.10999999999999999,0.027692400616099996,0.023771157797936024,robust_weighted
0.11099999999999999,0.027944149712609997,0.024079549265675647,robust_weighted
0.11199999999999999,0.028195898809119997,0.02439443035063491,robust_weighted
0.11299999999999999,0.028447647905629998,0.02471471023474188,robust_weighted
0.11399999999999999,0.028699397002139998,0.02503991345364841,robust_weighted
0.11499999999999999,0.02895114609865,0.02537022905165126,robust_weighted
0.11599999999999999,0.029202895195159995,0.025705863783518162,robust_weighted
0.11699999999999999,0.029454644291669996,0.02604696104026069,robust_weighted
0.118,0.029706393388179996,0.026393548671401864,robust_weighted
0.119,0.029958142484689997,0.02674539020881575,robust_weighted
0.12,0.030209891581199997,0.027101964520079843,robust_weighted
0.121,0.030461640677709997,0.027462261806087875,robust_weighted
0.122,0.030713389774219998,0.02782556539203925,robust_weighted
0.123,0.030965138870729998,0.028192099449204824,robust_weighted
0.124,0.03121688796724,0.02856258575646288,robust_weighted
0.125,0.03146863706375,0.028937648041784475,robust_weighted
0.126,0.031720386160259996,0.029317760382165645,robust_weighted
0.127,0.03197213525677,0.029703069741993222,robust_weighted
0.128,0.03222388435328,0.030093720517487793,robust_weighted
0.129,0.03247563344979,0.030489455082670217,robust_weighted
0.13,0.0327273825463,0.030889747324602115,robust_weighted
0.131,0.03297913164281,0.03129390629725508,robust_weighted
0.132,0.03323088073932,0.03170163884340619,robust_weighted
0.133,0.03348262983583,0.032112943261957995,robust_weighted
0.134,0.03373437893234,0.032526514842297974,robust_weighted
0.135,0.03398612802885,0.03294220533393048,robust_weighted
0.136,0.03423787712536,0.033359478110142525,robust_weighted
0.137,0.034489626221870004,0.033777284370467786,robust_weighted
0.138,0.03474137531838,0.03419315829301789,robust_weighted
0.139,0.034993124414890005,0.03460512228790763,robust_weighted
0.14,0.0352448735114,0.03501426675858035,robust_weighted
0.14100000000000001,0.035496622607910006,0.03542175077689832,robust_weighted
0.14200000000000002,0.03574837170442,0.03582847933429092,robust_weighted
0.14300000000000002,0.036000120800930006,0.03623472038516922,robust_weighted
0.14400000000000002,0.03625186989744,0.036640398287241124,robust_weighted
0.14500000000000002,0.03650361899395,0.037045243580650596,robust_weighted
0.14600000000000002,0.036755368090460004,0.03744962270335922,robust_weighted
0.14700000000000002,0.03700711718697,0.037854396996833795,robust_weighted
0.14800000000000002,0.037258866283480005,0.03826054549229989,robust_weighted
0.14900000000000002,0.03751061537999,0.038668423361321536,robust_weighted
0.15000000000000002,0.037762364476500006,0.03907718126254758,robust_weighted
0.15100000000000002,0.03801411357301,0.039485643510760504,robust_weighted
0.15199999999999997,0.03826586266951999,0.0398928911708194,robust_weighted
0.15299999999999997,0.03851761176602999,0.04029917579292922,robust_weighted
0.15399999999999997,0.038769360862539994,0.04070446808313827,robust_weighted
0.15499999999999997,0.03902110995904999,0.041107252031496365,robust_weighted
0.15599999999999997,0.039272859055559994,0.04150599507656299,robust_weighted
0.15699999999999997,0.03952460815206999,0.04190003227026737,robust_weighted
0.15799999999999997,0.039776357248579995,0.042290273703358056,robust_weighted
0.15899999999999997,0.04002810634508999,0.04267722437064652,robust_weighted
0.15999999999999998,0.040279855441599996,0.04306004500297464,robust_weighted
0.16099999999999998,0.04053160453810999,0.043437704851954154,robust_weighted
0.16199999999999998,0.04078335363461999,0.04380961297192589,robust_weighted
0.16299999999999998,0.041035102731129994,0.04417535726468721,robust_weighted
0.16399999999999998,0.04128685182763999,0.04453481965467896,robust_weighted
0.16499999999999998,0.041538600924149995,0.0448877270525965,robust_weighted
0.16599999999999998,0.04179035002065999,0.04523385657392744,robust_weighted
0.16699999999999998,0.042042099117169995,0.045573062746418445,robust_weighted
0.16799999999999998,0.04229384821367999,0.045905323028768784,robust_weighted
0.16899999999999998,0.042545597310189996,0.04623093023189884,robust_weighted
0.16999999999999998,0.04279734640669999,0.04655046090165222,robust_weighted
0.17099999999999999,0.04304909550321,0.04686457340674104,robust_weighted
0.172,0.043300844599719994,0.047173656220153286,robust_weighted
0.173,0.04355259369623,0.047477079770059195,robust_weighted
0.174,0.043804342792739995,0.04777407492327766,robust_weighted
0.175,0.04405609188925,0.04806443187383798,robust_weighted
0.176,0.044307840985759996,0.048348170022393507,robust_weighted
0.177,0.04455959008227,0.04862557981989513,robust_weighted
0.178,0.044811339178779996,0.048896759583675925,robust_weighted
0.179,0.04506308827528999,0.04916189819118011,robust_weighted
0.18,0.0453148373718,0.049421381708952106,robust_weighted
0.181,0.045566586468309994,0.0496754193060297,robust_weighted
0.182,0.04581833556482,0.04992431310046404,robust_weighted
0.183,0.046070084661329995,0.05016759594500606,robust_weighted
0.184,0.04632183375784,0.0504048959390162,robust_weighted
0.185,0.046573582854349996,0.050636327645908,robust_weighted
0.186,0.04682533195086,0.05086256948729098,robust_weighted
0.187,0.04707708104737,0.05108498074790172,robust_weighted
0.188,0.04732883014388,0.051305167649730456,robust_weighted
0.189,0.04758057924039,0.051523811661568136,robust_weighted
0.19,0.0478323283369,0.051740348916987255,robust_weighted
0.191,0.04808407743341,0.05195372749547235,robust_weighted
0.192,0.04833582652992,0.05216347293486262,robust_weighted
0.193,0.04858757562643,0.052370230734809835,robust_weighted
0.194,0.04883932472294,0.052575068864931476,robust_weighted
0.195,0.04909107381945,0.052778743199064754,robust_weighted
0.196,0.049342822915960004,0.052981432656342156,robust_weighted
0.197,0.04959457201247,0.053182790934854535,robust_weighted
0.198,0.04984632110898,0.05338199382233323,robust_weighted
0.199,0.05009807020549,0.05357876418024896,robust_weighted
0.2,0.050349819302,0.053773710971578695,robust_weighted
