x_over_Lp,p_shifted_sim_over_pinf,p_digitized_over_pinf,digitization_uncertainty,difference_shifted_sim_minus_digitized,absolute_difference,gap_beyond_digitization_uncertainty,applied_shift_over_Lp,applied_shift_physical_m
0.0,1.063208367768595,1.042629482071713,0.01081670667191,0.020578885696882043,0.020578885696882043,0.009762179024972043,0.0636798751293993,0.0160313510296958
0.002506265664160401,1.063208367768595,1.048605577689243,0.004932480719240798,0.014602790079352168,0.014602790079352168,0.00967030936011137,0.0636798751293993,0.0160313510296958
0.005012531328320802,1.063208367768595,1.048605577689243,0.0049324807192408,0.014602790079352168,0.014602790079352168,0.009670309360111368,0.0636798751293993,0.0160313510296958
0.007518796992481203,1.063208367768595,1.048605577689243,0.0049324807192408,0.014602790079352168,0.014602790079352168,0.009670309360111368,0.0636798751293993,0.0160313510296958
0.010025062656641603,1.063208367768595,1.048605577689243,0.0049324807192408,0.014602790079352168,0.014602790079352168,0.009670309360111368,0.0636798751293993,0.0160313510296958
0.012531328320802004,1.063208367768595,1.048605577689243,0.0049324807192408,0.014602790079352168,0.014602790079352168,0.009670309360111368,0.0636798751293993,0.0160313510296958
0.015037593984962405,1.063208367768595,1.0486055776892431,0.0049324807192408,0.014602790079351946,0.014602790079351946,0.009670309360111146,0.0636798751293993,0.0160313510296958
0.017543859649122806,1.063208367768595,1.048605577689243,0.004932480719240799,0.014602790079352168,0.014602790079352168,0.00967030936011137,0.0636798751293993,0.0160313510296958
0.020050125313283207,1.063208367768595,1.048605577689243,0.0049324807192408,0.014602790079352168,0.014602790079352168,0.009670309360111368,0.0636798751293993,0.0160313510296958
0.022556390977443608,1.063208367768595,1.048605577689243,0.0049324807192408,0.014602790079352168,0.014602790079352168,0.009670309360111368,0.0636798751293993,0.0160313510296958
0.02506265664160401,1.063208367768595,1.048605577689243,0.0049324807192408,0.014602790079352168,0.014602790079352168,0.009670309360111368,0.0636798751293993,0.0160313510296958
0.02756892230576441,1.063208367768595,1.048605577689243,0.0049324807192408,0.014602790079352168,0.014602790079352168,0.009670309360111368,0.0636798751293993,0.0160313510296958
0.03007518796992481,1.063208367768595,1.048605577689243,0.0049324807192408,0.014602790079352168,0.014602790079352168,0.009670309360111368,0.0636798751293993,0.0160313510296958
0.03258145363408521,1.063208367768595,1.048605577689243,0.0049324807192408,0.014602790079352168,0.014602790079352168,0.009670309360111368,0.0636798751293993,0.0160313510296958
0.03508771929824561,1.063208367768595,1.048605577689243,0.0049324807192408,0.014602790079352168,0.014602790079352168,0.009670309360111368,0.0636798751293993,0.0160313510296958
0.03759398496240601,1.063208367768595,1.048605577689243,0.0049324807192408,0.014602790079352168,0.014602790079352168,0.009670309360111368,0.0636798751293993,0.0160313510296958
0.040100250626566414,1.063208367768595,1.048605577689243,0.0049324807192408,0.014602790079352168,0.014602790079352168,0.009670309360111368,0.0636798751293993,0.0160313510296958
0.042606516290726815,1.063208367768595,1.048605577689243,0.0049324807192408,0.014602790079352168,0.014602790079352168,0.009670309360111368,0.0636798751293993,0.0160313510296958
0.045112781954887216,1.063208367768595,1.048605577689243,0.0049324807192408,0.014602790079352168,0.014602790079352168,0.009670309360111368,0.0636798751293993,0.0160313510296958
0.047619047619047616,1.063208367768595,1.048605577689243,0.0049324807192408,0.014602790079352168,0.014602790079352168,0.009670309360111368,0.0636798751293993,0.0160313510296958
0.05012531328320802,1.063208367768595,1.048605577689243,0.0049324807192408,0.014602790079352168,0.014602790079352168,0.009670309360111368,0.0636798751293993,0.0160313510296958
0.05263157894736842,1.063208367768595,1.048605577689243,0.0049324807192408,0.014602790079352168,0.014602790079352168,0.009670309360111368,0.0636798751293993,0.0160313510296958
0.05513784461152882,1.063208367768595,1.048605577689243,0.0049324807192408,0.014602790079352168,0.014602790079352168,0.009670309360111368,0.0636798751293993,0.0160313510296958
0.05764411027568922,1.063208367768595,1.048605577689243,0.0049324807192408,0.014602790079352168,0.014602790079352168,0.009670309360111368,0.0636798751293993,0.0160313510296958
0.06015037593984962,1.063208367768595,1.048605577689243,0.0049324807192408,0.014602790079352168,0.014602790079352168,0.009670309360111368,0.0636798751293993,0.0160313510296958
0.06265664160401002,1.063208367768595,1.048605577689243,0.0049324807192408,0.014602790079352168,0.014602790079352168,0.009670309360111368,0.0636798751293993,0.0160313510296958
0.06516290726817042,1.0630882552644558,1.048605577689243,0.0049324807192408,0.014482677575212932,0.014482677575212932,0.009550196855972132,0.0636798751293993,0.0160313510296958
0.06766917293233082,1.0628850888898629,1.048605577689243,0.0049324807192408,0.014279511200619988,0.014279511200619988,0.009347030481379187,0.0636798751293993,0.0160313510296958
0.07017543859649122,1.0626943905851993,1.048605577689243,0.0049324807192408,0.014088812895956426,0.014088812895956426,0.009156332176715626,0.0636798751293993,0.0160313510296958
0.07268170426065163,1.0625055374034997,1.048605577689243,0.0049324807192408,0.013899959714256838,0.013899959714256838,0.008967478995016038,0.0636798751293993,0.0160313510296958
0.07518796992481203,1.0623327083084404,1.048605577689243,0.0049324807192408,0.013727130619197503,0.013727130619197503,0.008794649899956703,0.0636798751293993,0.0160313510296958
0.07769423558897243,1.0621615305195196,1.048605577689243,0.0049324807192408,0.013555952830276663,0.013555952830276663,0.008623472111035863,0.0636798751293993,0.0160313510296958
0.08020050125313283,1.0620035557693563,1.048605577689243,0.0049324807192408,0.013397978080113448,0.013397978080113448,0.008465497360872648,0.0636798751293993,0.0160313510296958
0.08270676691729323,1.06185092913541,1.048605577689243,0.0049324807192408,0.013245351446167009,0.013245351446167009,0.008312870726926208,0.0636798751293993,0.0160313510296958
0.08521303258145363,1.0617037715924165,1.048605577689243,0.0049324807192408,0.013098193903173572,0.013098193903173572,0.008165713183932772,0.0636798751293993,0.0160313510296958
0.08771929824561403,1.061568489511091,1.048605577689243,0.0049324807192408,0.012962911821848166,0.012962911821848166,0.008030431102607366,0.0636798751293993,0.0160313510296958
0.09022556390977443,1.061433258625145,1.048605577689243,0.0049324807192408,0.01282768093590203,0.01282768093590203,0.00789520021666123,0.0636798751293993,0.0160313510296958
0.09273182957393483,1.0613104593691303,1.048605577689243,0.0049324807192408,0.01270488167988737,0.01270488167988737,0.00777240096064657,0.0636798751293993,0.0160313510296958
0.09523809523809523,1.0611919526689888,1.048605577689243,0.0049324807192408,0.012586374979745907,0.012586374979745907,0.007653894260505107,0.0636798751293993,0.0160313510296958
0.09774436090225563,1.0610745989276729,1.048605577689243,0.0049324807192408,0.012469021238429967,0.012469021238429967,0.007536540519189167,0.0636798751293993,0.0160313510296958
0.10025062656641603,1.0609742392295294,1.048605577689243,0.0049324807192408,0.012368661540286485,0.012368661540286485,0.007436180821045685,0.0636798751293993,0.0160313510296958
0.10275689223057644,1.060873767902903,1.048605577689243,0.0049324807192408,0.012268190213660102,0.012268190213660102,0.007335709494419302,0.0636798751293993,0.0160313510296958
0.10526315789473684,1.0607793978375724,1.048605577689243,0.0049324807192408,0.012173820148329462,0.012173820148329462,0.007241339429088662,0.0636798751293993,0.0160313510296958
0.10776942355889724,1.0606986304408133,1.048605577689243,0.0049324807192408,0.012093052751570355,0.012093052751570355,0.007160572032329554,0.0636798751293993,0.0160313510296958
0.11027568922305764,1.0606177008547897,1.048605577689243,0.0049324807192408,0.012012123165546784,0.012012123165546784,0.007079642446305984,0.0636798751293993,0.0160313510296958
0.11278195488721804,1.0605477097890956,1.048605577689243,0.0049324807192408,0.011942132099852731,0.011942132099852731,0.007009651380611931,0.0636798751293993,0.0160313510296958
0.11528822055137844,1.0604860186112204,1.048605577689243,0.0049324807192408,0.011880440921977486,0.011880440921977486,0.006947960202736686,0.0636798751293993,0.0160313510296958
0.11779448621553884,1.0604245154372656,1.048605577689243,0.0049324807192408,0.011818937748022673,0.011818937748022673,0.006886457028781873,0.0636798751293993,0.0160313510296958
0.12030075187969924,1.060377959762894,1.048605577689243,0.0049324807192408,0.011772382073651055,0.011772382073651055,0.006839901354410255,0.0636798751293993,0.0160313510296958
0.12280701754385964,1.0603330673986768,1.048605577689243,0.0049324807192408,0.011727489709433936,0.011727489709433936,0.006795008990193136,0.0636798751293993,0.0160313510296958
0.12531328320802004,1.0602931959676545,1.048605577689243,0.0049324807192408,0.011687618278411582,0.011687618278411582,0.006755137559170782,0.0636798751293993,0.0160313510296958
0.12781954887218044,1.0602613112813772,1.048605577689243,0.0049324807192408,0.011655733592134343,0.011655733592134343,0.006723252872893543,0.0636798751293993,0.0160313510296958
0.13032581453634084,1.0602299727048647,1.048605577689243,0.0049324807192408,0.011624395015621847,0.011624395015621847,0.006691914296381047,0.0636798751293993,0.0160313510296958
0.13283208020050125,1.060207703123805,1.048605577689243,0.0049324807192408,0.011602125434562183,0.011602125434562183,0.006669644715321383,0.0636798751293993,0.0160313510296958
0.13533834586466165,1.0601856540890189,1.048605577689243,0.0049324807192408,0.011580076399775985,0.011580076399775985,0.006647595680535185,0.0636798751293993,0.0160313510296958
0.13784461152882205,1.060169742216928,1.048605577689243,0.0049324807192408,0.011564164527685161,0.011564164527685161,0.006631683808444361,0.0636798751293993,0.0160313510296958
0.14035087719298245,1.060154236134632,1.048605577689243,0.0049324807192408,0.011548658445389215,0.011548658445389215,0.006616177726148415,0.0636798751293993,0.0160313510296958
0.14285714285714285,1.060143550211602,1.048605577689243,0.0049324807192408,0.011537972522358997,0.011537972522358997,0.006605491803118197,0.0636798751293993,0.0160313510296958
0.14536340852130325,1.0601336734767677,1.048605577689243,0.0049324807192408,0.011528095787524784,0.011528095787524784,0.0065956150682839835,0.0636798751293993,0.0160313510296958
0.14786967418546365,1.060125559156199,1.048605577689243,0.0049324807192408,0.011519981466956208,0.011519981466956208,0.006587500747715408,0.0636798751293993,0.0160313510296958
0.15037593984962405,1.0601196188337867,1.048605577689243,0.0049324807192408,0.011514041144543796,0.011514041144543796,0.006581560425302996,0.0636798751293993,0.0160313510296958
0.15288220551378445,1.0601153275387851,1.048605577689243,0.0049324807192408,0.011509749849542228,0.011509749849542228,0.006577269130301428,0.0636798751293993,0.0160313510296958
0.15538847117794485,1.0601129477023992,1.048605577689243,0.0049324807192408,0.01150737001315627,0.01150737001315627,0.0065748892939154705,0.0636798751293993,0.0160313510296958
0.15789473684210525,1.0601123378431923,1.048605577689243,0.0049324807192408,0.011506760153949358,0.011506760153949358,0.006574279434708558,0.0636798751293993,0.0160313510296958
0.16040100250626566,1.0601150724526498,1.048605577689243,0.0049324807192408,0.011509494763406902,0.011509494763406902,0.006577014044166102,0.0636798751293993,0.0160313510296958
0.16290726817042606,1.0601187702955963,1.048605577689243,0.0049324807192408,0.011513192606353417,0.011513192606353417,0.006580711887112617,0.0636798751293993,0.0160313510296958
0.16541353383458646,1.0601236322740593,1.048605577689243,0.0049324807192408,0.011518054584816362,0.011518054584816362,0.006585573865575562,0.0636798751293993,0.0160313510296958
0.16791979949874686,1.060129037339661,1.048605577689243,0.0049324807192408,0.011523459650418122,0.011523459650418122,0.006590978931177322,0.0636798751293993,0.0160313510296958
0.17042606516290726,1.060136261472068,1.048605577689243,0.0049324807192408,0.011530683782825069,0.011530683782825069,0.0065982030635842685,0.0636798751293993,0.0160313510296958
0.17293233082706766,1.0601454116426667,1.048605577689243,0.0049324807192408,0.01153983395342384,0.01153983395342384,0.006607353234183039,0.0636798751293993,0.0160313510296958
0.17543859649122806,1.0601564725223191,1.048605577689243,0.0049324807192408,0.011550894833076253,0.011550894833076253,0.006618414113835453,0.0636798751293993,0.0160313510296958
0.17794486215538846,1.060170628235296,1.048605577689243,0.0049324807192408,0.011565050546053168,0.011565050546053168,0.006632569826812368,0.0636798751293993,0.0160313510296958
0.18045112781954886,1.0601868238929524,1.048605577689243,0.0049324807192408,0.011581246203709483,0.011581246203709483,0.006648765484468683,0.0636798751293993,0.0160313510296958
0.18295739348370926,1.0602043925338593,1.048605577689243,0.0049324807192408,0.011598814844616445,0.011598814844616445,0.006666334125375645,0.0636798751293993,0.0160313510296958
0.18546365914786966,1.060222938748622,1.048605577689243,0.0049324807192408,0.01161736105937905,0.01161736105937905,0.00668488034013825,0.0636798751293993,0.0160313510296958
0.18796992481203006,1.0602419548719093,1.048605577689243,0.0049324807192408,0.011636377182666413,0.011636377182666413,0.006703896463425613,0.0636798751293993,0.0160313510296958
0.19047619047619047,1.0602609265755243,1.048605577689243,0.0049324807192408,0.011655348886281391,0.011655348886281391,0.006722868167040591,0.0636798751293993,0.0160313510296958
0.19298245614035087,1.0602802320224058,1.048605577689243,0.0049324807192408,0.011674654333162948,0.011674654333162948,0.006742173613922148,0.0636798751293993,0.0160313510296958
0.19548872180451127,1.0602998367251077,1.048605577689243,0.0049324807192408,0.011694259035864851,0.011694259035864851,0.006761778316624051,0.0636798751293993,0.0160313510296958
0.19799498746867167,1.0603201431805045,1.048605577689243,0.0049324807192408,0.011714565491261597,0.011714565491261597,0.006782084772020797,0.0636798751293993,0.0160313510296958
0.20050125313283207,1.0603409267949258,1.048605577689243,0.0049324807192408,0.011735349105682857,0.011735349105682857,0.006802868386442057,0.0636798751293993,0.0160313510296958
0.20300751879699247,1.0603628677822208,1.048605577689243,0.0049324807192408,0.011757290092977879,0.011757290092977879,0.006824809373737079,0.0636798751293993,0.0160313510296958
0.20551378446115287,1.0603858475399548,1.048605577689243,0.004932480719240801,0.0117802698507119,0.0117802698507119,0.006847789131471099,0.0636798751293993,0.0160313510296958
0.20802005012531327,1.0604103358631924,1.046613545816733,0.004966700520090307,0.013796790046459506,0.013796790046459506,0.0088300895263692,0.0636798751293993,0.0160313510296958
0.21052631578947367,1.0604362595355452,1.046613545816733,0.0051812913292512,0.013822713718812274,0.013822713718812274,0.008641422389561074,0.0636798751293993,0.0160313510296958
0.21303258145363407,1.060463550558553,1.046613545816733,0.0051812913292512,0.013850004741819966,0.013850004741819966,0.008668713412568765,0.0636798751293993,0.0160313510296958
0.21553884711779447,1.0604924851219095,1.046613545816733,0.0051812913292512,0.013878939305176585,0.013878939305176585,0.008697647975925385,0.0636798751293993,0.0160313510296958
0.21804511278195488,1.0605227067275962,1.046613545816733,0.0051812913292512,0.01390916091086325,0.01390916091086325,0.00872786958161205,0.0636798751293993,0.0160313510296958
0.22055137844611528,1.0605548837348138,1.046613545816733,0.0051812913292512,0.013941337918080832,0.013941337918080832,0.008760046588829631,0.0636798751293993,0.0160313510296958
0.22305764411027568,1.0605885687362042,1.046613545816733,0.0051812913292512,0.01397502291947128,0.01397502291947128,0.00879373159022008,0.0636798751293993,0.0160313510296958
0.22556390977443608,1.0606228175141843,1.046613545816733,0.0051812913292512,0.014009271697451364,0.014009271697451364,0.008827980368200164,0.0636798751293993,0.0160313510296958
0.22807017543859648,1.0606599055869577,1.046613545816733,0.0051812913292512,0.014046359770224726,0.014046359770224726,0.008865068440973525,0.0636798751293993,0.0160313510296958
0.23057644110275688,1.0606968787095232,1.046613545816733,0.0051812913292512,0.01408333289279029,0.01408333289279029,0.00890204156353909,0.0636798751293993,0.0160313510296958
0.23308270676691728,1.0607359134924228,1.046613545816733,0.0051812913292512,0.014122367675689862,0.014122367675689862,0.008941076346438662,0.0636798751293993,0.0160313510296958
0.23558897243107768,1.060777214848454,1.046613545816733,0.0051812913292512,0.01416366903172106,0.01416366903172106,0.00898237770246986,0.0636798751293993,0.0160313510296958
0.23809523809523808,1.0608186563930753,1.046613545816733,0.0051812913292512,0.014205110576342328,0.014205110576342328,0.009023819247091128,0.0636798751293993,0.0160313510296958
0.24060150375939848,1.060862718516294,1.046613545816733,0.0051812913292512,0.014249172699561052,0.014249172699561052,0.009067881370309852,0.0636798751293993,0.0160313510296958
0.24310776942355888,1.0609108354370875,1.046613545816733,0.0051812913292512,0.014297289620354592,0.014297289620354592,0.009115998291103392,0.0636798751293993,0.0160313510296958
0.24561403508771928,1.060958805100047,1.046613545816733,0.0051812913292512,0.014345259283313982,0.014345259283313982,0.009163967954062782,0.0636798751293993,0.0160313510296958
0.24812030075187969,1.0610066101133995,1.046613545816733,0.0051812913292512,0.014393064296666536,0.014393064296666536,0.009211772967415335,0.0636798751293993,0.0160313510296958
0.2506265664160401,1.0610628247112412,1.046613545816733,0.0051812913292512,0.01444927889450831,0.01444927889450831,0.00926798756525711,0.0636798751293993,0.0160313510296958
0.2531328320802005,1.0611201505620431,1.046613545816733,0.0051812913292512,0.014506604745310181,0.014506604745310181,0.00932531341605898,0.0636798751293993,0.0160313510296958
0.2556390977443609,1.0611773137188438,1.046613545816733,0.0051812913292512,0.014563767902110891,0.014563767902110891,0.009382476572859691,0.0636798751293993,0.0160313510296958
0.2581453634085213,1.0612363138833674,1.046613545816733,0.0051812913292512,0.014622768066634428,0.014622768066634428,0.009441476737383228,0.0636798751293993,0.0160313510296958
0.2606516290726817,1.0613046798602213,1.046613545816733,0.0051812913292512,0.014691134043488319,0.014691134043488319,0.009509842714237118,0.0636798751293993,0.0160313510296958
0.2631578947368421,1.0613732796500408,1.046613545816733,0.0051812913292512,0.014759733833307864,0.014759733833307864,0.009578442504056664,0.0636798751293993,0.0160313510296958
0.2656641604010025,1.0614420773111584,1.046613545816733,0.0051812913292512,0.014828531494425423,0.014828531494425423,0.009647240165174223,0.0636798751293993,0.0160313510296958
0.2681704260651629,1.0615185043175894,1.046613545816733,0.0051812913292512,0.014904958500856491,0.014904958500856491,0.00972366717160529,0.0636798751293993,0.0160313510296958
0.2706766917293233,1.0616032374340716,1.046613545816733,0.0051812913292512,0.014989691617338652,0.014989691617338652,0.009808400288087452,0.0636798751293993,0.0160313510296958
0.2731829573934837,1.0616877397009574,1.046613545816733,0.0051812913292512,0.015074193884224485,0.015074193884224485,0.009892902554973285,0.0636798751293993,0.0160313510296958
0.2756892230576441,1.0617719541689608,1.046613545816733,0.0051812913292512,0.015158408352227815,0.015158408352227815,0.009977117022976614,0.0636798751293993,0.0160313510296958
0.2781954887218045,1.061871200758301,1.046613545816733,0.0051812913292512,0.015257654941568166,0.015257654941568166,0.010076363612316966,0.0636798751293993,0.0160313510296958
0.2807017543859649,1.061974987010439,1.046613545816733,0.0051812913292512,0.015361441193705971,0.015361441193705971,0.010180149864454771,0.0636798751293993,0.0160313510296958
0.2832080200501253,1.0620790656736574,1.046613545816733,0.0051812913292512,0.015465519856924459,0.015465519856924459,0.010284228527673259,0.0636798751293993,0.0160313510296958
0.2857142857142857,1.062185082571023,1.046613545816733,0.0051812913292512,0.015571536754290127,0.015571536754290127,0.010390245425038927,0.0636798751293993,0.0160313510296958
0.2882205513784461,1.0623111891979358,1.046613545816733,0.0051812913292512,0.01569764338120283,0.01569764338120283,0.01051635205195163,0.0636798751293993,0.0160313510296958
0.2907268170426065,1.0624376874703905,1.046613545816733,0.0051812913292512,0.01582414165365753,0.01582414165365753,0.01064285032440633,0.0636798751293993,0.0160313510296958
0.2932330827067669,1.062564555102199,1.046613545816733,0.0051812913292512,0.015951009285466,0.015951009285466,0.0107697179562148,0.0636798751293993,0.0160313510296958
0.2957393483709273,1.062698090238693,1.046613545816733,0.0051812913292512,0.016084544421960167,0.016084544421960167,0.010903253092708967,0.0636798751293993,0.0160313510296958
0.2982456140350877,1.06284235251896,1.046613545816733,0.0051812913292512,0.01622880670222715,0.01622880670222715,0.01104751537297595,0.0636798751293993,0.0160313510296958
0.3007518796992481,1.0629871818516445,1.046613545816733,0.0051812913292512,0.0163736360349116,0.0163736360349116,0.011192344705660398,0.0636798751293993,0.0160313510296958
0.3032581453634085,1.0631326171933029,1.046613545816733,0.0051812913292512,0.016519071376569938,0.016519071376569938,0.011337780047318738,0.0636798751293993,0.0160313510296958
0.3057644110275689,1.06328248578112,1.046613545816733,0.0051812913292512,0.01666893996438712,0.01666893996438712,0.01148764863513592,0.0636798751293993,0.0160313510296958
0.3082706766917293,1.0634341305527686,1.046613545816733,0.0051812913292512,0.01682058473603565,0.01682058473603565,0.011639293406784448,0.0636798751293993,0.0160313510296958
0.3107769423558897,1.0635852674525408,1.046613545816733,0.0049667005200903,0.016971721635807846,0.016971721635807846,0.012005021115717546,0.0636798751293993,0.0160313510296958
0.3132832080200501,1.0637359041354815,1.048605577689243,0.0059952967859256,0.015130326446238573,0.015130326446238573,0.009135029660312974,0.0636798751293993,0.0160313510296958
0.3157894736842105,1.0638962442148796,1.048605577689243,0.0082537654774386,0.01529066652563671,0.01529066652563671,0.007036901048198109,0.0636798751293993,0.0160313510296958
0.3182957393483709,1.064056504795857,1.0505976095617529,0.0063975009624203,0.013458895234104151,0.013458895234104151,0.007061394271683851,0.0636798751293993,0.0160313510296958
0.3208020050125313,1.0642164905558866,1.048605577689243,0.0053104398952346,0.015610912866643734,0.015610912866643734,0.010300472971409133,0.0636798751293993,0.0160313510296958
0.3233082706766917,1.0641685069555482,1.0505976095617529,0.0045656435246293,0.013570897393795356,0.013570897393795356,0.009005253869166056,0.0636798751293993,0.0160313510296958
0.3258145363408521,1.0635940421696302,1.0505976095617529,0.004848370066909,0.012996432607877306,0.012996432607877306,0.008148062540968306,0.0636798751293993,0.0160313510296958
0.3283208020050125,1.0629931472425738,1.0525896414342628,0.0048930793435382,0.010403505808310953,0.010403505808310953,0.005510426464772753,0.0636798751293993,0.0160313510296958
0.3308270676691729,1.062369448785058,1.0565737051792827,0.0057983394217825,0.005795743605775172,0.005795743605775172,0.0,0.0636798751293993,0.0160313510296958
0.3333333333333333,1.0632499705025982,1.058565737051793,0.0065248268976374,0.004684233450805264,0.004684233450805264,0.0,0.0636798751293993,0.0160313510296958
0.3358395989974937,1.065219696822425,1.0605577689243026,0.0078788052989671,0.004661927898122364,0.004661927898122364,0.0,0.0636798751293993,0.0160313510296958
0.3383458646616541,1.0672319170564952,1.0605577689243026,0.0089567174674434,0.006674148132192581,0.006674148132192581,0.0,0.0636798751293993,0.0160313510296958
0.3408521303258145,1.0692911465458497,1.0625498007968126,0.009201896788277,0.006741345749037064,0.006741345749037064,0.0,0.0636798751293993,0.0160313510296958
0.3433583959899749,1.066573104809594,1.0645418326693226,0.0101924852690284,0.002031272140271545,0.002031272140271545,0.0,0.0636798751293993,0.0160313510296958
0.3458646616541353,1.063192173418309,1.0665338645418323,0.0120384242246502,-0.003341691123523338,0.003341691123523338,0.0,0.0636798751293993,0.0160313510296958
0.3483709273182957,1.0597490027773175,1.0705179282868524,0.0130621634518898,-0.010768925509534899,0.010768925509534899,0.0,0.0636798751293993,0.0160313510296958
0.3508771929824561,1.064103709931344,1.0745019920318724,0.0102114590800181,-0.0103982821005284,0.0103982821005284,0.0001868230205102992,0.0636798751293993,0.0160313510296958
0.3533834586466165,1.1023452844051134,1.0824701195219122,0.0039886160950999,0.01987516488320118,0.01987516488320118,0.01588654878810128,0.0636798751293993,0.0160313510296958
0.3558897243107769,1.1405734399544036,1.090438247011952,0.0034555560150273,0.05013519294245161,0.05013519294245161,0.046679636927424314,0.0636798751293993,0.0160313510296958
0.3583959899749373,1.1787904201725015,1.1003984063745018,0.0037186257834931,0.07839201379799965,0.07839201379799965,0.07467338801450654,0.0636798751293993,0.0160313510296958
0.3609022556390977,1.215829555834274,1.1083665338645416,0.0035590386296155,0.10746302196973234,0.10746302196973234,0.10390398334011684,0.0636798751293993,0.0160313510296958
0.3634085213032581,1.2516398056431304,1.1282868525896417,0.0033704831252666916,0.1233529530534887,0.1233529530534887,0.11998246992822201,0.0636798751293993,0.0160313510296958
0.3659147869674185,1.2874365628427298,1.1432270916334661,0.00671862138330085,0.14420947120926364,0.14420947120926364,0.1374908498259628,0.0636798751293993,0.0160313510296958
0.3684210526315789,1.3232167568803868,1.1521912350597612,0.009792955704189095,0.17102552182062558,0.17102552182062558,0.1612325661164365,0.0636798751293993,0.0160313510296958
0.37092731829573933,1.3571932433036205,1.1721115537848608,0.007712876807701049,0.1850816895187597,0.1850816895187597,0.17736881271105864,0.0636798751293993,0.0160313510296958
0.37343358395989973,1.3906766030669855,1.1920318725099603,0.003169898536080344,0.19864473055702514,0.19864473055702514,0.1954748320209448,0.0636798751293993,0.0160313510296958
0.37593984962406013,1.424136398557338,1.2268924302788853,0.004502996886971237,0.1972439682784528,0.1972439682784528,0.19274097139148158,0.0636798751293993,0.0160313510296958
0.37844611528822053,1.4563260581009243,1.2537848605577695,0.0045551467207010045,0.2025411975431548,0.2025411975431548,0.1979860508224538,0.0636798751293993,0.0160313510296958
0.38095238095238093,1.476243676395483,1.2816733067729091,0.010825788950311138,0.1945703696225738,0.1945703696225738,0.18374458067226265,0.0636798751293993,0.0160313510296958
0.38345864661654133,1.4961668764751228,1.2956175298804784,0.021341467480868834,0.2005493465946444,0.2005493465946444,0.17920787911377556,0.0636798751293993,0.0160313510296958
0.38596491228070173,1.5160952475857177,1.3673306772908382,0.026535791503353317,0.14876457029487944,0.14876457029487944,0.12222877879152612,0.0636798751293993,0.0160313510296958
0.38847117794486213,1.53313141138542,1.4091633466135467,0.013501211950134023,0.12396806477187328,0.12396806477187328,0.11046685282173925,0.0636798751293993,0.0160313510296958
0.39097744360902253,1.5457141936390686,1.4390438247011956,0.009157086368605898,0.10667036893787296,0.10667036893787296,0.09751328256926706,0.0636798751293993,0.0160313510296958
0.39348370927318294,1.558293846216845,1.4808764940239052,0.007245263521561044,0.07741735219293977,0.07741735219293977,0.07017208867137872,0.0636798751293993,0.0160313510296958
0.39598997493734334,1.57087003935496,1.5007968127490043,0.007711184993258211,0.07007322660595561,0.07007322660595561,0.0623620416126974,0.0636798751293993,0.0160313510296958
0.39849624060150374,1.5829483114210086,1.530677290836654,0.003312554288488803,0.05227102058435462,0.05227102058435462,0.04895846629586582,0.0636798751293993,0.0160313510296958
0.40100250626566414,1.5948089273581105,1.5505976095617533,0.005463160199084648,0.04421131779635723,0.04421131779635723,0.038748157597272584,0.0636798751293993,0.0160313510296958
0.40350877192982454,1.6066700247778432,1.5665338645418327,0.009399613824277387,0.04013616023601041,0.04013616023601041,0.030736546411733023,0.0636798751293993,0.0160313510296958
0.40601503759398494,1.6185315872388606,1.5904382470119527,0.013711055675235187,0.028093340226907904,0.028093340226907904,0.014382284551672717,0.0636798751293993,0.0160313510296958
0.40852130325814534,1.626903574851274,1.600398406374502,0.011892829459844175,0.026505168476771868,0.026505168476771868,0.014612339016927692,0.0636798751293993,0.0160313510296958
0.41102756892230574,1.635262197787121,1.6243027888446218,0.008439299095584121,0.010959408942499138,0.010959408942499138,0.002520109846915017,0.0636798751293993,0.0160313510296958
0.41353383458646614,1.6436179867446676,1.6262948207171313,0.005844061802594143,0.017323166027536363,0.017323166027536363,0.01147910422494222,0.0636798751293993,0.0160313510296958
0.41604010025062654,1.6512521896716352,1.6322709163346614,0.0037255082846314536,0.01898127333697386,0.01898127333697386,0.015255765052342406,0.0636798751293993,0.0160313510296958
0.41854636591478694,1.657194450909365,1.6561752988047815,0.0024173132156439714,0.0010191521045834762,0.0010191521045834762,0.0,0.0636798751293993,0.0160313510296958
0.42105263157894735,1.6631397613458154,1.664143426294821,0.002417313215644201,-0.0010036649490055005,0.0010036649490055005,0.0,0.0636798751293993,0.0160313510296958
0.42355889724310775,1.669087793080449,1.6701195219123508,0.0034973165156493235,-0.0010317288319017237,0.0010317288319017237,0.0,0.0636798751293993,0.0160313510296958
0.42606516290726815,1.673643506617653,1.6701195219123506,0.002762956456644684,0.003523984705302352,0.003523984705302352,0.0007610282486576682,0.0636798751293993,0.0160313510296958
0.42857142857142855,1.6772674243570185,1.6741035856573707,0.0023870956126026918,0.0031638386996477585,0.0031638386996477585,0.0007767430870450668,0.0636798751293993,0.0160313510296958
0.43107769423558895,1.6808842824958754,1.6760956175298807,0.002427302155782703,0.004788664965994727,0.004788664965994727,0.002361362810212024,0.0636798751293993,0.0160313510296958
0.43358395989974935,1.6844934660012134,1.6780876494023906,0.002797766729567508,0.006405816598822778,0.006405816598822778,0.0036080498692552697,0.0636798751293993,0.0160313510296958
0.43609022556390975,1.6861125772860062,1.6860557768924307,0.002908023748406702,5.680039357547351e-05,5.680039357547351e-05,0.0,0.0636798751293993,0.0160313510296958
0.43859649122807015,1.687509199906493,1.6880478087649404,0.0024766426105048943,-0.0005386088584473647,0.0005386088584473647,0.0,0.0636798751293993,0.0160313510296958
0.44110275689223055,1.6888998116432081,1.6900398406374502,0.002544112149798098,-0.0011400289942420372,0.0011400289942420372,0.0,0.0636798751293993,0.0160313510296958
0.44360902255639095,1.689987299729073,1.6900398406374502,0.0035042282151100212,-5.2540908377141093e-05,5.2540908377141093e-05,0.0,0.0636798751293993,0.0160313510296958
0.44611528822055135,1.6899012752416098,1.69203187250996,0.0058770910266950525,-0.0021305972683500762,0.0021305972683500762,0.0,0.0636798751293993,0.0160313510296958
0.44862155388471175,1.6898236962579625,1.69203187250996,0.007912514849361646,-0.002208176251997429,0.002208176251997429,0.0,0.0636798751293993,0.0160313510296958
0.45112781954887216,1.6897530405711723,1.69203187250996,0.008959418528260505,-0.00227883193878764,0.00227883193878764,0.0,0.0636798751293993,0.0160313510296958
0.45363408521303256,1.6890909766824074,1.69203187250996,0.009506636425150662,-0.0029408958275525254,0.0029408958275525254,0.0,0.0636798751293993,0.0160313510296958
0.45614035087719296,1.6878463698524224,1.69203187250996,0.010053854322040784,-0.0041855026575374765,0.0041855026575374765,0.0,0.0636798751293993,0.0160313510296958
0.45864661654135336,1.686603258041882,1.69203187250996,0.010017689261237583,-0.0054286144680779636,0.0054286144680779636,0.0,0.0636798751293993,0.0160313510296958
0.46115288220551376,1.685361952877165,1.69203187250996,0.008959418528260498,-0.006669919632794841,0.006669919632794841,0.0,0.0636798751293993,0.0160313510296958
0.46365914786967416,1.6837905792530479,1.69203187250996,0.008959418528260512,-0.00824129325691203,0.00824129325691203,0.0,0.0636798751293993,0.0160313510296958
0.46616541353383456,1.6821412340019646,1.69203187250996,0.00895941852826047,-0.00989063850799532,0.00989063850799532,0.0009312199797348493,0.0636798751293993,0.0160313510296958
0.46867167919799496,1.6804939510229928,1.69203187250996,0.00791251484936159,-0.011537921486967084,0.011537921486967084,0.003625406637605494,0.0636798751293993,0.0160313510296958
0.47117794486215536,1.6787872133434685,1.69203187250996,0.006882167592060557,-0.013244659166491424,0.013244659166491424,0.006362491574430867,0.0636798751293993,0.0160313510296958
0.47368421052631576,1.6765727918660764,1.69203187250996,0.004018833315626236,-0.01545908064388346,0.01545908064388346,0.011440247328257224,0.0636798751293993,0.0160313510296958
0.47619047619047616,1.6743589742102838,1.69003984063745,0.0032161953401440837,-0.01568086642716615,0.01568086642716615,0.012464671087022067,0.0636798751293993,0.0160313510296958
0.47869674185463656,1.6721457061945917,1.69003984063745,0.002591229340573789,-0.017894134442858256,0.017894134442858256,0.015302905102284468,0.0636798751293993,0.0160313510296958
0.48120300751879697,1.669833645639409,1.68804780876494,0.0022189962362887923,-0.018214163125531035,0.018214163125531035,0.015995166889242244,0.0636798751293993,0.0160313510296958
0.48370927318295737,1.6673784563683742,1.6860557768924302,0.0025536051385620074,-0.018677320524056018,0.018677320524056018,0.016123715385494012,0.0636798751293993,0.0160313510296958
0.48621553884711777,1.6649231203721822,1.6860557768924305,0.002251471078091893,-0.021132656520248316,0.021132656520248316,0.018881185442156424,0.0636798751293993,0.0160313510296958
0.48872180451127817,1.6624676166215382,1.6820717131474103,0.002387095612602603,-0.01960409652587214,0.01960409652587214,0.017217000913269536,0.0636798751293993,0.0160313510296958
0.49122807017543857,1.6599359724393319,1.6780876494023904,0.0023769377128497,-0.018151676963058527,0.018151676963058527,0.01577473925020883,0.0636798751293993,0.0160313510296958
0.49373433583959897,1.6573734615641091,1.6760956175298805,0.0026190928227674054,-0.018722155965771314,0.018722155965771314,0.016103063143003908,0.0636798751293993,0.0160313510296958
0.49624060150375937,1.6548112079232542,1.6760956175298805,0.002325482751186594,-0.021284409606626253,0.021284409606626253,0.018958926855439658,0.0636798751293993,0.0160313510296958
0.49874686716791977,1.6522490315757588,1.6741035856573705,0.0028913348085993127,-0.021854554081611743,0.021854554081611743,0.018963219273012432,0.0636798751293993,0.0160313510296958
0.5012531328320802,1.6496731950258854,1.6731075697211155,0.0028903662591092,-0.02343437469523013,0.02343437469523013,0.02054400843612093,0.0636798751293993,0.0160313510296958
0.5037593984962405,1.6470969373638693,1.6711155378486053,0.00284791778044505,-0.02401860048473603,0.02401860048473603,0.02117068270429098,0.0636798751293993,0.0160313510296958
0.506265664160401,1.6445202487840143,1.6701195219123506,0.002806401832599206,-0.02559927312833632,0.02559927312833632,0.022792871295737115,0.0636798751293993,0.0160313510296958
0.5087719298245614,1.6419626918709862,1.6681274900398406,0.0036859482976513,-0.02616479816885442,0.02616479816885442,0.02247884987120312,0.0636798751293993,0.0160313510296958
0.5112781954887218,1.639447592451527,1.6681274900398406,0.0035861297046895,-0.028679897588313574,0.028679897588313574,0.025093767883624073,0.0636798751293993,0.0160313510296958
0.5137844611528821,1.6369329576528941,1.6681274900398406,0.0033052417976978,-0.031194532386946472,0.031194532386946472,0.02788929058924867,0.0636798751293993,0.0160313510296958
0.5162907268170426,1.634418751761292,1.6661354581673309,0.003795904186480698,-0.03171670640603885,0.03171670640603885,0.027920802219558154,0.0636798751293993,0.0160313510296958
0.518796992481203,1.631977984939443,1.6661354581673309,0.003699053932945511,-0.03415747322788798,0.03415747322788798,0.03045841929494247,0.0636798751293993,0.0160313510296958
0.5213032581453634,1.6295832302421258,1.6641434262948207,0.0033052417976977074,-0.03456019605269489,0.03456019605269489,0.031254954254997185,0.0636798751293993,0.0160313510296958
0.5238095238095237,1.6271886646210032,1.6621513944223107,0.002563062967746,-0.034962729801307546,0.034962729801307546,0.03239966683356155,0.0636798751293993,0.0160313510296958
0.5263157894736842,1.6247943009385337,1.6581673306772908,0.002476642610505,-0.03337302973875711,0.03337302973875711,0.030896387128252108,0.0636798751293993,0.0160313510296958
0.5288220551378446,1.6225461771594785,1.6561752988047809,0.0026557894317947,-0.03362912164530241,0.03362912164530241,0.030973332213507707,0.0636798751293993,0.0160313510296958
0.531328320802005,1.620312165184038,1.6561752988047809,0.00243905874630855,-0.03586313362074289,0.03586313362074289,0.03342407487443434,0.0636798751293993,0.0160313510296958
0.5338345864661653,1.6180790810010874,1.6462151394422309,0.0024766426105048,-0.02813605844114342,0.02813605844114342,0.02565941583063862,0.0636798751293993,0.0160313510296958
0.5363408521303258,1.6158849501021304,1.6462151394422309,0.0024766426105048,-0.030330189340100455,0.030330189340100455,0.027853546729595655,0.0636798751293993,0.0160313510296958
0.5388471177944862,1.613828245067093,1.6482071713147408,0.0022940558640203003,-0.03437892624764771,0.03437892624764771,0.03208487038362741,0.0636798751293993,0.0160313510296958
0.5413533834586466,1.611769943758086,1.6482071713147408,0.0025441121497981,-0.036437227556654905,0.036437227556654905,0.03389311540685681,0.0636798751293993,0.0160313510296958
0.5438596491228069,1.609710354078655,1.6322709163346611,0.0030302624829212,-0.02256056225600611,0.02256056225600611,0.01953029977308491,0.0636798751293993,0.0160313510296958
0.5463659147869674,1.6077374005399236,1.6322709163346611,0.0033704831252668,-0.024533515794737504,0.024533515794737504,0.021163032669470703,0.0636798751293993,0.0160313510296958
0.5488721804511278,1.605845250181805,1.6322709163346611,0.0032237098254815,-0.02642566615285613,0.02642566615285613,0.02320195632737463,0.0636798751293993,0.0160313510296958
0.5513784461152882,1.6039540276262785,1.6302788844621512,0.0040188333156262,-0.026324856835872712,0.026324856835872712,0.022306023520246514,0.0636798751293993,0.0160313510296958
0.5538847117794485,1.6020639085261639,1.6302788844621512,0.0040188333156262,-0.02821497593598732,0.02821497593598732,0.02419614262036112,0.0636798751293993,0.0160313510296958
0.556390977443609,1.6002963797421665,1.6302788844621512,0.0038653857369328,-0.02998250471998465,0.02998250471998465,0.02611711898305185,0.0636798751293993,0.0160313510296958
0.5588972431077694,1.5985557940177109,1.6302788844621512,0.0040188333156264,-0.03172309044444033,0.03172309044444033,0.027704257128813928,0.0636798751293993,0.0160313510296958
0.5614035087719298,1.596815516095063,1.6302788844621512,0.0044475233770384,-0.033463368367088187,0.033463368367088187,0.029015844990049788,0.0636798751293993,0.0160313510296958
0.5639097744360901,1.5950914728520595,1.6302788844621512,0.004137495942909599,-0.035187411610091646,0.035187411610091646,0.031049915667182047,0.0636798751293993,0.0160313510296958
0.5664160401002506,1.5934818654137186,1.6282868525896412,0.0046183359041314,-0.03480498717592262,0.03480498717592262,0.03018665127179122,0.0636798751293993,0.0160313510296958
0.568922305764411,1.59187208596448,1.6282868525896412,0.0046183359041314,-0.0364147666251613,0.0364147666251613,0.031796430721029896,0.0636798751293993,0.0160313510296958
0.5714285714285714,1.5902621526176888,1.6282868525896412,0.0049471753318942,-0.03802469997195246,0.03802469997195246,0.03307752464005826,0.0636798751293993,0.0160313510296958
0.5739348370927317,1.5887008613049547,1.6282868525896412,0.0054808475305034,-0.03958599128468654,0.03958599128468654,0.03410514375418314,0.0636798751293993,0.0160313510296958
0.5764411027568922,1.5872057702246845,1.6282868525896412,0.0054808475305034,-0.04108108236495678,0.04108108236495678,0.035600234834453376,0.0636798751293993,0.0160313510296958
0.5789473684210527,1.585710894113248,1.6262948207171313,0.0052554791413928,-0.040583926603883214,0.040583926603883214,0.03532844746249041,0.0636798751293993,0.0160313510296958
0.581453634085213,1.5842162722565214,1.6262948207171313,0.0052554791413928,-0.04207854846060988,0.04207854846060988,0.036823069319217076,0.0636798751293993,0.0160313510296958
0.5839598997493733,1.5828045631837324,1.624302788844621,0.0057648590153339,-0.04149822566088868,0.04149822566088868,0.03573336664555478,0.0636798751293993,0.0160313510296958
0.5864661654135338,1.581424159078536,1.624302788844621,0.0057648590153339,-0.04287862976608503,0.04287862976608503,0.03711377075075113,0.0636798751293993,0.0160313510296958
0.5889724310776943,1.5800436670309237,1.624302788844621,0.0059912595485747,-0.0442591218136974,0.0442591218136974,0.0382678622651227,0.0636798751293993,0.0160313510296958
0.5914786967418546,1.578666563340462,1.624302788844621,0.0073348785243014,-0.045636225504159134,0.045636225504159134,0.03830134697985774,0.0636798751293993,0.0160313510296958
0.593984962406015,1.5774142473701778,1.624302788844621,0.0078757336398644,-0.046888541474443324,0.046888541474443324,0.03901280783457892,0.0636798751293993,0.0160313510296958
0.5964912280701754,1.5761614538482518,1.6223107569721114,0.0073150589559222,-0.046149303123859564,0.046149303123859564,0.03883424416793736,0.0636798751293993,0.0160313510296958
0.5989974937343359,1.5749081810297207,1.6203187250996014,0.0076450068651713,-0.045410544069880654,0.045410544069880654,0.037765537204709355,0.0636798751293993,0.0160313510296958
0.6015037593984962,1.5736996518384676,1.6043824701195215,0.0077268581496593,-0.030682818281053903,0.030682818281053903,0.0229559601313946,0.0636798751293993,0.0160313510296958
0.6040100250626566,1.5725831729784832,1.6043824701195213,0.0080939141098593,-0.03179929714103813,0.03179929714103813,0.02370538303117883,0.0636798751293993,0.0160313510296958
0.606516290726817,1.571467651724952,1.6023904382470118,0.0075654686335353,-0.03092278652205982,0.03092278652205982,0.02335731788852452,0.0636798751293993,0.0160313510296958
0.6090225563909775,1.5703530447539378,1.6023904382470118,0.0075654686335353,-0.032037393493073996,0.032037393493073996,0.024471924859538696,0.0636798751293993,0.0160313510296958
0.6115288220551378,1.5693218037067753,1.6003984063745018,0.0070865642287839,-0.031076602667726494,0.031076602667726494,0.023990038438942596,0.0636798751293993,0.0160313510296958
0.6140350877192982,1.568338974852614,1.6003984063745018,0.0066460756052844,-0.03205943152188784,0.03205943152188784,0.025413355916603438,0.0636798751293993,0.0160313510296958
0.6165413533834586,1.5673552182059636,1.6003984063745018,0.0063671718981541,-0.03304318816853824,0.03304318816853824,0.02667601627038414,0.0636798751293993,0.0160313510296958
0.6190476190476191,1.5663704883851626,1.598406374501992,0.006197709639155,-0.032035886116829504,0.032035886116829504,0.025838176477674505,0.0636798751293993,0.0160313510296958
0.6215538847117794,1.5654839036113435,1.598406374501992,0.006197709639155,-0.03292247089064859,0.03292247089064859,0.026724761251493593,0.0636798751293993,0.0160313510296958
0.6240601503759398,1.5646052809651287,1.596414342629482,0.0057480456830921,-0.031809061664353155,0.031809061664353155,0.026061015981261055,0.0636798751293993,0.0160313510296958
0.6265664160401002,1.5637275179653911,1.596414342629482,0.0057690546920285,-0.032686824664090786,0.032686824664090786,0.026917769972062286,0.0636798751293993,0.0160313510296958
0.6290726817042607,1.5628646189321502,1.596414342629482,0.0063671718981542,-0.03354972369733167,0.03354972369733167,0.027182551799177467,0.0636798751293993,0.0160313510296958
0.631578947368421,1.5620487444842086,1.592430278884462,0.0078695867248674,-0.030381534400253374,0.030381534400253374,0.022511947675385974,0.0636798751293993,0.0160313510296958
0.6340852130325814,1.5612337551596185,1.592430278884462,0.0090427512475843,-0.031196523724843495,0.031196523724843495,0.022153772477259193,0.0636798751293993,0.0160313510296958
0.6365914786967418,1.560419469382017,1.590438247011952,0.0090427512475843,-0.03001877762993499,0.03001877762993499,0.020976026382350688,0.0636798751293993,0.0160313510296958
0.6390977443609023,1.5596070437704252,1.590438247011952,0.009149155865067302,-0.030831203241526772,0.030831203241526772,0.02168204737645947,0.0636798751293993,0.0160313510296958
0.6416040100250626,1.5587958932065549,1.586454183266932,0.0085927276323351,-0.027658290060377233,0.027658290060377233,0.01906556242804213,0.0636798751293993,0.0160313510296958
0.644110275689223,1.557984280950027,1.586454183266932,0.0073809172185726,-0.02846990231690505,0.02846990231690505,0.02108898509833245,0.0636798751293993,0.0160313510296958
0.6466165413533834,1.5571721284072748,1.5824701195219122,0.0070933897196308,-0.025297991114637375,0.025297991114637375,0.018204601395006577,0.0636798751293993,0.0160313510296958
0.6491228070175439,1.5562958140770693,1.5804780876494022,0.007891079978735,-0.024182273572332935,0.024182273572332935,0.016291193593597937,0.0636798751293993,0.0160313510296958
0.6516290726817042,1.555407115557978,1.5784860557768925,0.007475381167719,-0.023078940218914434,0.023078940218914434,0.015603559051195435,0.0636798751293993,0.0160313510296958
0.6541353383458646,1.554518676471839,1.5745019920318724,0.0060714942507748,-0.0199833155600333,0.0199833155600333,0.013911821309258499,0.0636798751293993,0.0160313510296958
0.656641604010025,1.5536030878382103,1.5725099601593624,0.0058729725321274,-0.01890687232115207,0.01890687232115207,0.013033899789024668,0.0636798751293993,0.0160313510296958
0.6591478696741855,1.5525160479122277,1.5685258964143425,0.0049471753318941,-0.016009848502114732,0.016009848502114732,0.011062673170220631,0.0636798751293993,0.0160313510296958
0.6616541353383458,1.5514289896250397,1.5665338645418323,0.0050440455215337,-0.015104874916792577,0.015104874916792577,0.010060829395258876,0.0636798751293993,0.0160313510296958
0.6641604010025062,1.5503419152771856,1.5645418326693226,0.0051625778005575,-0.014199917392136996,0.014199917392136996,0.009037339591579496,0.0636798751293993,0.0160313510296958
0.6666666666666666,1.549136485627327,1.558565737051793,0.0052462630376042,-0.009429251424465823,0.009429251424465823,0.004182988386861623,0.0636798751293993,0.0160313510296958
0.6691729323308271,1.5476653794723103,1.5545816733067728,0.0050870353232277,-0.006916293834462461,0.006916293834462461,0.0018292585112347614,0.0636798751293993,0.0160313510296958
0.6716791979949874,1.5461946016745869,1.548605577689243,0.0057438346600485,-0.0024109760146560077,0.0024109760146560077,0.0,0.0636798751293993,0.0160313510296958
0.6741854636591478,1.5447240460888956,1.544621513944223,0.0058274769892963,0.00010253214467259575,0.00010253214467259575,0.0,0.0636798751293993,0.0160313510296958
0.6766917293233082,1.5432537177448578,1.540637450199203,0.0065359424540728,0.0026162675456546935,0.0026162675456546935,0.0,0.0636798751293993,0.0160313510296958
0.6791979949874687,1.5411058611456194,1.5346613545816732,0.0068079355706016,0.0064445065639462396,0.0064445065639462396,0.0,0.0636798751293993,0.0160313510296958
0.681704260651629,1.5389239053715553,1.5346613545816732,0.006878650899142,0.004262550789882136,0.004262550789882136,0.0,0.0636798751293993,0.0160313510296958
0.6842105263157894,1.5367426554684127,1.528685258964143,0.0100394039310695,0.00805739650426962,0.00805739650426962,0.0,0.0636798751293993,0.0160313510296958
0.6867167919799498,1.5345618966417458,1.5266932270916334,0.0098643482318641,0.00786866955011245,0.00786866955011245,0.0,0.0636798751293993,0.0160313510296958
0.6892230576441103,1.5323815572786355,1.5227091633466134,0.0109058170782268,0.009672393932022016,0.009672393932022016,0.0,0.0636798751293993,0.0160313510296958
0.6917293233082706,1.5294894621532098,1.5187250996015935,0.0109501003466884,0.01076436255161628,0.01076436255161628,0.0,0.0636798751293993,0.0160313510296958
0.694235588972431,1.5264328724059992,1.502788844621514,0.0101234071015679,0.023644027784485155,0.023644027784485155,0.013520620682917255,0.0636798751293993,0.0160313510296958
0.6967418546365914,1.5233776770571903,1.498804780876494,0.0096058595895264,0.024572896180696358,0.024572896180696358,0.014967036591169958,0.0636798751293993,0.0160313510296958
0.6992481203007519,1.5203227555666479,1.494820717131474,0.0093453997246665,0.025502038435173846,0.025502038435173846,0.01615663871050735,0.0636798751293993,0.0160313510296958
0.7017543859649122,1.5172690855482962,1.488844621513944,0.0079277899887714,0.02842446403435228,0.02842446403435228,0.020496674045580882,0.0636798751293993,0.0160313510296958
0.7042606516290726,1.5139405303141427,1.4848605577689242,0.0077456240744431,0.029079972545218435,0.029079972545218435,0.021334348470775335,0.0636798751293993,0.0160313510296958
0.706766917293233,1.5099244083572998,1.4788844621513944,0.0092856592031031,0.031039946205905444,0.031039946205905444,0.021754287002802346,0.0636798751293993,0.0160313510296958
0.7092731829573935,1.5059076040473884,1.4749003984063744,0.0092412549524505,0.031007205641014002,0.031007205641014002,0.021765950688563504,0.0636798751293993,0.0160313510296958
0.7117794486215538,1.5018898895203026,1.4689243027888446,0.0074299278315145,0.032965586731457996,0.032965586731457996,0.025535658899943497,0.0636798751293993,0.0160313510296958
0.7142857142857142,1.497871193903944,1.4649402390438246,0.006635144552482,0.03293095486011932,0.03293095486011932,0.02629581030763732,0.0636798751293993,0.0160313510296958
0.7167919799498746,1.4938518868066146,1.4569721115537848,0.005324091434199,0.036879775252829816,0.036879775252829816,0.03155568381863082,0.0636798751293993,0.0160313510296958
0.7192982456140351,1.489078820275763,1.450996015936255,0.005000686159602299,0.03808280433950806,0.03808280433950806,0.03308211817990576,0.0636798751293993,0.0160313510296958
0.7218045112781954,1.4840663032130172,1.447011952191235,0.0049275727770106,0.03705435102178223,0.03705435102178223,0.03212677824477163,0.0636798751293993,0.0160313510296958
0.7243107769423558,1.4790554852764548,1.4410358565737051,0.0060555323585482,0.038019628702749664,0.038019628702749664,0.03196409634420146,0.0636798751293993,0.0160313510296958
0.7268170426065163,1.4740450207850815,1.4350597609561753,0.0061703206367813,0.038985259828906216,0.038985259828906216,0.032814939192124915,0.0636798751293993,0.0160313510296958
0.7293233082706767,1.4690362720683658,1.4270916334661354,0.0051625778005571,0.04194463860223041,0.04194463860223041,0.03678206080167331,0.0636798751293993,0.0160313510296958
0.731829573934837,1.4638305104343736,1.4231075697211155,0.0052185170711696,0.040722940713258104,0.040722940713258104,0.0355044236420885,0.0636798751293993,0.0160313510296958
0.7343358395989974,1.4579734146604764,1.4151394422310757,0.003455556015027,0.04283397242940068,0.04283397242940068,0.03937841641437368,0.0636798751293993,0.0160313510296958
0.7368421052631579,1.4521156892903457,1.4091633466135458,0.0038213163811309,0.042952342676799926,0.042952342676799926,0.03913102629566902,0.0636798751293993,0.0160313510296958
0.7393483709273183,1.4462569149623654,1.401195219123506,0.0052876090074995,0.04506169583885944,0.04506169583885944,0.03977408683135994,0.0636798751293993,0.0160313510296958
0.7418546365914787,1.440397196172998,1.393227091633466,0.0058770910266949,0.047170104539532076,0.047170104539532076,0.04129301351283718,0.0636798751293993,0.0160313510296958
0.744360902255639,1.4345367432909353,1.3872509960159365,0.0048183334118816,0.04728574727499879,0.04728574727499879,0.04246741386311719,0.0636798751293993,0.0160313510296958
0.7468671679197995,1.4282398800368425,1.3772908366533865,0.0033052417976977,0.05094904338345607,0.05094904338345607,0.04764380158575837,0.0636798751293993,0.0160313510296958
0.7493734335839599,1.421760874479681,1.3733067729083666,0.0033632965859063,0.04845410157131447,0.04845410157131447,0.04509080498540817,0.0636798751293993,0.0160313510296958
0.7518796992481203,1.4152829964734428,1.3653386454183267,0.0035590386296154,0.049944351055116076,0.049944351055116076,0.046385312425500674,0.0636798751293993,0.0160313510296958
0.7543859649122806,1.4088053677722931,1.3593625498007968,0.0028913348085994,0.0494428179714963,0.0494428179714963,0.0465514831628969,0.0636798751293993,0.0160313510296958
0.7568922305764411,1.4023290202449208,1.353386454183267,0.0046235721143216,0.048942566061653814,0.048942566061653814,0.044318993947332214,0.0636798751293993,0.0160313510296958
0.7593984962406015,1.3957850690013154,1.3454183266932271,0.00550287674924,0.05036674230808824,0.05036674230808824,0.04486386555884824,0.0636798751293993,0.0160313510296958
0.7619047619047619,1.3889307382059979,1.3434262948207172,0.0037767328306516,0.0455044433852807,0.0455044433852807,0.0417277105546291,0.0636798751293993,0.0160313510296958
0.7644110275689222,1.3820767411853219,1.3414342629482072,0.0039151433535444,0.04064247823711464,0.04064247823711464,0.036727334883570245,0.0636798751293993,0.0160313510296958
0.7669172932330827,1.375223447809669,1.3334661354581674,0.0079491258712292,0.041757312351501596,0.041757312351501596,0.033808186480272395,0.0636798751293993,0.0160313510296958
0.7694235588972431,1.3683706828198456,1.3135458167330678,0.0118704285625495,0.054824866086777835,0.054824866086777835,0.04295443752422833,0.0636798751293993,0.0160313510296958
0.7719298245614035,1.3615184268638583,1.305577689243028,0.0116896761221111,0.055940737620830294,0.055940737620830294,0.04425106149871919,0.0636798751293993,0.0160313510296958
0.7744360902255638,1.3545497353874874,1.297609561752988,0.0107223437345877,0.056940173634499436,0.056940173634499436,0.04621782989991174,0.0636798751293993,0.0160313510296958
0.7769423558897243,1.347518948990078,1.2876494023904383,0.0086152254031462,0.05986954659963972,0.05986954659963972,0.05125432119649352,0.0636798751293993,0.0160313510296958
0.7794486215538847,1.3404875310005764,1.2836653386454184,0.0074331837159094,0.05682219235515795,0.05682219235515795,0.049389008639248555,0.0636798751293993,0.0160313510296958
0.7819548872180451,1.3334559501872598,1.2776892430278886,0.0066314968641625,0.055766707159371265,0.055766707159371265,0.049135210295208766,0.0636798751293993,0.0160313510296958
0.7844611528822054,1.3264235887643778,1.2737051792828684,0.0063175766344716,0.05271840948150941,0.05271840948150941,0.04640083284703781,0.0636798751293993,0.0160313510296958
0.7869674185463659,1.3193873218059187,1.2677290836653383,0.0060515353070513,0.05165823814058035,0.05165823814058035,0.04560670283352905,0.0636798751293993,0.0160313510296958
0.7894736842105263,1.3123239347542839,1.2637450199203186,0.0068398479434799,0.04857891483396526,0.04857891483396526,0.04173906689048536,0.0636798751293993,0.0160313510296958
0.7919799498746867,1.3052606991976028,1.2567729083665338,0.0065293218266049505,0.04848779083106902,0.04848779083106902,0.04195846900446407,0.0636798751293993,0.0160313510296958
0.794486215538847,1.2981978766501852,1.2517928286852589,0.0064950924135538,0.04640504796492628,0.04640504796492628,0.039909955551372486,0.0636798751293993,0.0160313510296958
0.7969924812030075,1.2911353114910211,1.243824701195219,0.0054852604519346,0.04731061029580208,0.04731061029580208,0.04182534984386748,0.0636798751293993,0.0160313510296958
0.7994987468671679,1.2840730534478202,1.2338645418326692,0.0054231527919097,0.05020851161515094,0.05020851161515094,0.04478535882324124,0.0636798751293993,0.0160313510296958
0.8020050125313283,1.2770470917703827,1.2258964143426294,0.0074980045087518,0.051150677427753255,0.051150677427753255,0.043652672919001455,0.0636798751293993,0.0160313510296958
0.8045112781954886,1.2700454478044203,1.2199203187250995,0.0090774695578616,0.05012512907932076,0.05012512907932076,0.04104765952145916,0.0636798751293993,0.0160313510296958
0.8070175438596491,1.2630440894261685,1.2139442231075697,0.008347047794917298,0.04909986631859886,0.04909986631859886,0.04075281852368157,0.0636798751293993,0.0160313510296958
0.8095238095238095,1.2560428305171654,1.2019920318725101,0.008352843350411601,0.05405079864465523,0.05405079864465523,0.04569795529424363,0.0636798751293993,0.0160313510296958
0.8120300751879699,1.2490419294233102,1.19800796812749,0.0076891889032376,0.05103396129582016,0.05103396129582016,0.04334477239258256,0.0636798751293993,0.0160313510296958
0.8145363408521302,1.2420508120551128,1.1940239043824703,0.0076418412307223,0.048026907672642505,0.048026907672642505,0.040385066441920206,0.0636798751293993,0.0160313510296958
0.8170426065162907,1.2351852604280946,1.1880478087649404,0.0063405149609522,0.047137451663154195,0.047137451663154195,0.040796936702202,0.0636798751293993,0.0160313510296958
0.8195488721804511,1.2283196525510487,1.1840637450199205,0.0063405149609522,0.04425590753112818,0.04425590753112818,0.03791539257017598,0.0636798751293993,0.0160313510296958
0.8220551378446115,1.2214538392340848,1.1760956175298802,0.0062133062907787,0.04535822170420456,0.04535822170420456,0.03914491541342586,0.0636798751293993,0.0160313510296958
0.8245614035087718,1.2145879205789845,1.1721115537848603,0.0065136923726335,0.04247636679412414,0.04247636679412414,0.03596267442149064,0.0636798751293993,0.0160313510296958
0.8270676691729323,1.2077218455720744,1.1661354581673309,0.0055944523010802,0.04158638740474352,0.04158638740474352,0.03599193510366332,0.0636798751293993,0.0160313510296958
0.8295739348370927,1.2009536841858273,1.1581673306772908,0.005815007338082399,0.042786353508536434,0.042786353508536434,0.036971346170454035,0.0636798751293993,0.0160313510296958
0.8320802005012531,1.1942671349925407,1.154183266932271,0.0064163838280498,0.040083868060269756,0.040083868060269756,0.033667484232219956,0.0636798751293993,0.0160313510296958
0.8345864661654134,1.1875804532878904,1.1442231075697211,0.0061585452049871,0.04335734571816929,0.04335734571816929,0.037198800513182195,0.0636798751293993,0.0160313510296958
0.8370927318295739,1.1808937115644675,1.1362549800796813,0.0060234816810466,0.044638731484786254,0.044638731484786254,0.038615249803739655,0.0636798751293993,0.0160313510296958
0.8395989974937343,1.1742068012126494,1.1262948207171315,0.0080819474958713,0.047911980495517925,0.047911980495517925,0.039830032999646624,0.0636798751293993,0.0160313510296958
0.8421052631578947,1.1675235330124454,1.116334661354582,0.0076259933471561,0.051188871657863455,0.051188871657863455,0.043562878310707355,0.0636798751293993,0.0160313510296958
0.844611528822055,1.1610322653000416,1.1043824701195215,0.0094637494878645,0.056649795180520046,0.056649795180520046,0.04718604569265555,0.0636798751293993,0.0160313510296958
0.8471177944862155,1.154541017524821,1.096414342629482,0.0094841813011232,0.05812667489533907,0.05812667489533907,0.048642493594215866,0.0636798751293993,0.0160313510296958
0.849624060150376,1.148049873180534,1.090438247011952,0.0074331837159093,0.05761162616858195,0.05761162616858195,0.05017844245267265,0.0636798751293993,0.0160313510296958
0.8521303258145363,1.1415587719149682,1.0804780876494022,0.0057690546920286,0.06108068426556601,0.06108068426556601,0.05531162957353741,0.0636798751293993,0.0160313510296958
0.8546365914786966,1.1350677509387992,1.0764940239043823,0.0071815307985841,0.05857372703441688,0.05857372703441688,0.05139219623583278,0.0636798751293993,0.0160313510296958
0.8571428571428571,1.1286773358641753,1.0705179282868524,0.0101425101393894,0.05815940757732285,0.05815940757732285,0.048016897437933456,0.0636798751293993,0.0160313510296958
0.8596491228070176,1.1223907820476553,1.0665338645418323,0.0115459707390499,0.055856917505823,0.055856917505823,0.0443109467667731,0.0636798751293993,0.0160313510296958
0.8621553884711779,1.1161042009353643,1.0625498007968126,0.009201896788277,0.05355440013855173,0.05355440013855173,0.04435250335027473,0.0636798751293993,0.0160313510296958
0.8646616541353382,1.109817604126678,1.058565737051793,0.0066351445524828,0.05125186707488516,0.05125186707488516,0.04461672252240236,0.0636798751293993,0.0160313510296958
0.8671679197994987,1.1035309719572521,1.0565737051792827,0.0055204368313646,0.04695726677796941,0.04695726677796941,0.04143682994660481,0.0636798751293993,0.0160313510296958
0.8696741854636592,1.0972443321563994,1.048605577689243,0.004160822390989,0.048638754467156486,0.048638754467156486,0.04447793207616749,0.0636798751293993,0.0160313510296958
0.8721804511278195,1.091167671237408,1.044621513944223,0.0029411175449239,0.04654615729318512,0.04654615729318512,0.04360503974826122,0.0636798751293993,0.0160313510296958
0.8746867167919798,1.0850985439915735,1.0346613545816732,0.0040726593738306,0.050437189409900274,0.050437189409900274,0.046364530036069676,0.0636798751293993,0.0160313510296958
0.8771929824561403,1.0790294350818905,1.0306772908366533,0.0047678518369023,0.04835214424523726,0.04835214424523726,0.04358429240833496,0.0636798751293993,0.0160313510296958
0.8796992481203008,1.0729603322541545,1.0227091633466134,0.0061938043396875,0.05025116890754111,0.05025116890754111,0.04405736456785361,0.0636798751293993,0.0160313510296958
0.8822055137844611,1.0668912439057658,1.0187250996015935,0.0078264231420899,0.04816614430417232,0.04816614430417232,0.04033972116208242,0.0636798751293993,0.0160313510296958
0.8847117794486214,1.060920894000848,1.0067729083665338,0.005273863033619,0.05414798563431433,0.05414798563431433,0.04887412260069533,0.0636798751293993,0.0160313510296958
0.8872180451127819,1.0550768958726275,1.002788844621514,0.0031935457953731,0.052288051251113465,0.052288051251113465,0.049094505455740366,0.0636798751293993,0.0160313510296958
0.8897243107769424,1.0492329618764935,0.996812749003984,0.0023150545248711,0.05242021287250953,0.05242021287250953,0.05010515834763843,0.0636798751293993,0.0160313510296958
0.8922305764411027,1.0433890740322096,0.990836653386454,0.0031477578225622,0.052552420645755604,0.052552420645755604,0.049404662823193404,0.0636798751293993,0.0160313510296958
0.894736842105263,1.0375452710077764,0.9848605577689242,0.0031477578225623,0.052684713238852154,0.052684713238852154,0.04953695541628986,0.0636798751293993,0.0160313510296958
0.8972431077694235,1.0317014934474287,0.9788844621513944,0.0030302624829211,0.05281703129603432,0.05281703129603432,0.049786768813113225,0.0636798751293993,0.0160313510296958
0.899749373433584,1.0260640609598566,0.9768924302788844,0.0035590386296149995,0.04917163068097219,0.04917163068097219,0.04561259205135719,0.0636798751293993,0.0160313510296958
0.9022556390977443,1.0204465529844637,0.9729083665338646,0.008373096204337287,0.04753818645059915,0.04753818645059915,0.039165090246261865,0.0636798751293993,0.0160313510296958
0.9047619047619047,1.014829204013156,0.9689243027888447,0.010461926297172106,0.045904901224311234,0.045904901224311234,0.03544297492713913,0.0636798751293993,0.0160313510296958
0.9072681704260651,1.0092118958265497,0.9649402390438249,0.011057844892953275,0.04427165678272482,0.04427165678272482,0.033213811889771544,0.0636798751293993,0.0160313510296958
0.9097744360902256,1.0035947150854576,0.9609561752988048,0.0114533910741583,0.042638539786652774,0.042638539786652774,0.031185148712494476,0.0636798751293993,0.0160313510296958
0.9122807017543859,0.9980659443482156,0.9589641434262948,0.011751608614485688,0.03910180092192084,0.03910180092192084,0.02735019230743515,0.0636798751293993,0.0160313510296958
0.9147869674185463,0.9926782119232034,0.9509960159362553,0.014095666225800297,0.04168219598694811,0.04168219598694811,0.027586529761147817,0.0636798751293993,0.0160313510296958
0.9172932330827067,0.9872905880963736,0.9490039840637451,0.014707233013024472,0.03828660403262851,0.03828660403262851,0.023579371019604042,0.0636798751293993,0.0160313510296958
0.9197994987468672,0.9819030612848904,0.9310756972111554,0.0131856898352288,0.050827364073735004,0.050827364073735004,0.0376416742385062,0.0636798751293993,0.0160313510296958
0.9223057644110275,0.9765156816408183,0.9290836653386455,0.010636246395741412,0.04743201630217275,0.04743201630217275,0.03679576990643134,0.0636798751293993,0.0160313510296958
0.9248120300751879,0.9711283604428642,0.9250996015936257,0.008640465375399189,0.046028758849238516,0.046028758849238516,0.037388293473839325,0.0636798751293993,0.0160313510296958
0.9273182957393483,0.9659427321622844,0.917131474103586,0.005590125577849336,0.04881125805869846,0.04881125805869846,0.04322113248084912,0.0636798751293993,0.0160313510296958
0.9298245614035088,0.9607903145754255,0.9131474103585655,0.004496220339992399,0.047642904216860016,0.047642904216860016,0.04314668387686762,0.0636798751293993,0.0160313510296958
0.9323308270676691,0.9556376804822444,0.9071713147410362,0.003223709825481256,0.04846636574120822,0.04846636574120822,0.04524265591572696,0.0636798751293993,0.0160313510296958
0.9348370927318295,0.9504850053954346,0.9051792828685261,0.003370483125266794,0.045305722526908454,0.045305722526908454,0.041935239401641664,0.0636798751293993,0.0160313510296958
0.9373433583959899,0.9453321544740625,0.8992031872509962,0.0025630629677460357,0.04612896722306625,0.04612896722306625,0.04356590425532022,0.0636798751293993,0.0160313510296958
0.9398496240601504,0.9402565381955046,0.8952191235059761,0.0024766426105049,0.04503741468952849,0.04503741468952849,0.04256077207902359,0.0636798751293993,0.0160313510296958
0.9423558897243107,0.9353363875773417,0.8912350597609563,0.0023462001559854057,0.04410132781638543,0.04410132781638543,0.04175512766040002,0.0636798751293993,0.0160313510296958
0.9448621553884711,0.9304161473231982,0.8832669322709167,0.0027717000115913813,0.047149215052281535,0.047149215052281535,0.04437751504069015,0.0636798751293993,0.0160313510296958
0.9473684210526315,0.9254958079133484,0.8792828685258967,0.0030934820670117857,0.046212939387451746,0.046212939387451746,0.04311945732043996,0.0636798751293993,0.0160313510296958
0.949874686716792,0.9205753434517883,0.8733067729083664,0.0037767328306517,0.04726857054342182,0.04726857054342182,0.04349183771277012,0.0636798751293993,0.0160313510296958
0.9523809523809523,0.9156548152502517,0.8693227091633466,0.003216195340144325,0.04633210608690508,0.04633210608690508,0.04311591074676075,0.0636798751293993,0.0160313510296958
0.9548872180451127,0.9109123181018173,0.8673306772908367,0.0033343955423744943,0.04358164081098059,0.04358164081098059,0.0402472452686061,0.0636798751293993,0.0160313510296958
0.9573934837092731,0.9062128803115507,0.8633466135458168,0.003626386865254987,0.04286626676573391,0.04286626676573391,0.03923987990047892,0.0636798751293993,0.0160313510296958
0.9598997493734336,0.9015135683476007,0.8613545816733067,0.0037445624590088,0.04015898667429396,0.04015898667429396,0.03641442421528516,0.0636798751293993,0.0160313510296958
0.9624060150375939,0.8968142812790958,0.8573705179282869,0.0030620354353210304,0.0394437633508089,0.0394437633508089,0.03638172791548787,0.0636798751293993,0.0160313510296958
0.9649122807017543,0.8921151089179644,0.853386454183267,0.00395205046987596,0.03872865473469744,0.03872865473469744,0.03477660426482149,0.0636798751293993,0.0160313510296958
0.9674185463659147,0.8874738351675062,0.8474103585657372,0.003370483125267026,0.04006347660176901,0.04006347660176901,0.036692993476501984,0.0636798751293993,0.0160313510296958
0.9699248120300752,0.8829825125113313,0.8434262948207171,0.0035793761587621,0.03955621769061424,0.03955621769061424,0.035976841531852134,0.0636798751293993,0.0160313510296958
0.9724310776942355,0.8784911614959072,0.8354581673306776,0.00401883331562628,0.043032994165229654,0.043032994165229654,0.03901416084960337,0.0636798751293993,0.0160313510296958
0.9749373433583959,0.8739997715478393,0.8314741035856574,0.0042585345729881895,0.04252566796218182,0.04252566796218182,0.03826713338919363,0.0636798751293993,0.0160313510296958
0.9774436090225563,0.8695083406174792,0.8254980079681278,0.003101293902851251,0.04401033264935139,0.04401033264935139,0.04090903874650014,0.0636798751293993,0.0160313510296958
0.9799498746867168,0.8650168833775175,0.8215139442231075,0.0024372501571254,0.04350293915440995,0.04350293915440995,0.04106568899728455,0.0636798751293993,0.0160313510296958
0.9824561403508771,0.8606751378159608,0.8175298804780877,0.0022621924295746078,0.04314525733787311,0.04314525733787311,0.0408830649082985,0.0636798751293993,0.0160313510296958
0.9849624060150375,0.8563827972885684,0.8115537848605581,0.002466853470968291,0.044829012428010295,0.044829012428010295,0.042362158957042005,0.0636798751293993,0.0160313510296958
0.9874686716791979,0.8520904366916977,0.8095617529880479,0.002208065153867511,0.04252868370364982,0.04252868370364982,0.040320618549782306,0.0636798751293993,0.0160313510296958
0.9899749373433584,0.8477980718871463,0.8075697211155377,0.0022080651538675,0.04022835077160858,0.04022835077160858,0.03802028561774108,0.0636798751293993,0.0160313510296958
0.9924812030075187,0.8435056864984916,0.803585657370518,0.0022080651538675,0.039920029127973544,0.039920029127973544,0.03771196397410605,0.0636798751293993,0.0160313510296958
0.9949874686716791,0.8392570450660788,0.7896414342629487,0.0027365581781671764,0.04961561080313004,0.04961561080313004,0.046879052624962864,0.0636798751293993,0.0160313510296958
0.9974937343358395,0.8351589062788038,0.7677290836653394,0.004212834690064834,0.06742982261346442,0.06742982261346442,0.06321698792339958,0.0636798751293993,0.0160313510296958
1.0,0.831060808082816,0.8832669322709163,0.07281890851562334,-0.052206124188100334,0.052206124188100334,0.0,0.0636798751293993,0.0160313510296958
