x_over_Lp,p_sim_over_pinf,p_digitized_over_pinf,digitization_uncertainty,difference_sim_minus_digitized,absolute_difference,gap_beyond_digitization_uncertainty
0.0,1.0419297210743803,1.042629482071713,0.01081670667191,-0.0006997609973327101,0.0006997609973327101,0.0
0.002506265664160401,1.0419848633753515,1.048605577689243,0.004932480719240798,-0.00662071431389144,0.00662071431389144,0.001688233594650642
0.005012531328320802,1.042034456256021,1.048605577689243,0.0049324807192408,-0.006571121433221805,0.006571121433221805,0.0016386407139810048
0.007518796992481203,1.0420698125713141,1.048605577689243,0.0049324807192408,-0.006535765117928749,0.006535765117928749,0.001603284398687949
0.010025062656641603,1.0421017147874188,1.048605577689243,0.0049324807192408,-0.006503862901824142,0.006503862901824142,0.0015713821825833422
0.012531328320802004,1.0421263891655546,1.048605577689243,0.0049324807192408,-0.0064791885236883395,0.0064791885236883395,0.0015467078044475394
0.015037593984962405,1.042151022902399,1.0486055776892431,0.0049324807192408,-0.006454554786844202,0.006454554786844202,0.001522074067603402
0.017543859649122806,1.0421766530321825,1.048605577689243,0.004932480719240799,-0.006428924657060353,0.006428924657060353,0.0014964439378195539
0.020050125313283207,1.042202100150327,1.048605577689243,0.0049324807192408,-0.006403477538915903,0.006403477538915903,0.0014709968196751026
0.022556390977443608,1.042232784725288,1.048605577689243,0.0049324807192408,-0.006372792963954987,0.006372792963954987,0.0014403122447141873
0.02506265664160401,1.0422654012691104,1.048605577689243,0.0049324807192408,-0.006340176420132515,0.006340176420132515,0.001407695700891715
0.02756892230576441,1.0422994375103394,1.048605577689243,0.0049324807192408,-0.006306140178903519,0.006306140178903519,0.0013736594596627186
0.03007518796992481,1.0423418997716642,1.048605577689243,0.0049324807192408,-0.006263677917578647,0.006263677917578647,0.0013311971983378471
0.03258145363408521,1.0423842975701936,1.048605577689243,0.0049324807192408,-0.006221280119049322,0.006221280119049322,0.0012887993998085216
0.03508771929824561,1.0424313936203395,1.048605577689243,0.0049324807192408,-0.0061741840689033545,0.0061741840689033545,0.0012417033496625544
0.03759398496240601,1.0424838978298776,1.048605577689243,0.0049324807192408,-0.006121679859365292,0.006121679859365292,0.001189199140124492
0.040100250626566414,1.0425363855018626,1.048605577689243,0.0049324807192408,-0.0060691921873803345,0.0060691921873803345,0.0011367114681395344
0.042606516290726815,1.0425950513065425,1.048605577689243,0.0049324807192408,-0.006010526382700387,0.006010526382700387,0.0010780456634595873
0.045112781954887216,1.042656067777213,1.048605577689243,0.0049324807192408,-0.0059495099120299155,0.0059495099120299155,0.0010170291927891154
0.047619047619047616,1.0427170052326007,1.048605577689243,0.0049324807192408,-0.005888572456642205,0.005888572456642205,0.0009560917374014048
0.05012531328320802,1.0427844310950505,1.048605577689243,0.0049324807192408,-0.005821146594192417,0.005821146594192417,0.0008886658749516167
0.05263157894736842,1.042852164545688,1.048605577689243,0.0049324807192408,-0.00575341314355482,0.00575341314355482,0.0008209324243140196
0.05513784461152882,1.0429215976839354,1.048605577689243,0.0049324807192408,-0.005683980005307454,0.005683980005307454,0.000751499286066654
0.05764411027568922,1.0429944744063255,1.048605577689243,0.0049324807192408,-0.005611103282917362,0.005611103282917362,0.0006786225636765623
0.06015037593984962,1.043067595144385,1.048605577689243,0.0049324807192408,-0.005537982544857822,0.005537982544857822,0.0006055018256170223
0.06265664160401002,1.0431441304614277,1.048605577689243,0.0049324807192408,-0.005461447227815164,0.005461447227815164,0.0005289665085743637
0.06516290726817042,1.0432218250223686,1.048605577689243,0.0049324807192408,-0.005383752666874297,0.005383752666874297,0.00045127194763349733
0.06766917293233082,1.043301639274603,1.048605577689243,0.0049324807192408,-0.0053039384146398305,0.0053039384146398305,0.0003714576953990304
0.07017543859649122,1.043384073340087,1.048605577689243,0.0049324807192408,-0.005221504349155914,0.005221504349155914,0.0002890236299151142
0.07268170426065163,1.0434686047996033,1.048605577689243,0.0049324807192408,-0.005136972889639546,0.005136972889639546,0.00020449217039874602
0.07518796992481203,1.043556896304053,1.048605577689243,0.0049324807192408,-0.00504868138518999,0.00504868138518999,0.00011620066594919022
0.07769423558897243,1.0436480112925421,1.048605577689243,0.0049324807192408,-0.004957566396700752,0.004957566396700752,2.5085677459952063e-05
0.08020050125313283,1.0437434078232366,1.048605577689243,0.0049324807192408,-0.004862169866006294,0.004862169866006294,0.0
0.08270676691729323,1.0438443345283228,1.048605577689243,0.0049324807192408,-0.004761243160920081,0.004761243160920081,0.0
0.08521303258145363,1.0439495398893046,1.048605577689243,0.0049324807192408,-0.004656037799938284,0.004656037799938284,0.0
0.08771929824561403,1.044059119971546,1.048605577689243,0.0049324807192408,-0.004546457717696795,0.004546457717696795,0.0
0.09022556390977443,1.0441710051994346,1.048605577689243,0.0049324807192408,-0.004434572489808275,0.004434572489808275,0.0
0.09273182957393483,1.0442798328901342,1.048605577689243,0.0049324807192408,-0.004325744799108744,0.004325744799108744,0.0
0.09523809523809523,1.0444776371515854,1.048605577689243,0.0049324807192408,-0.004127940537657526,0.004127940537657526,0.0
0.09774436090225563,1.0449131571079744,1.048605577689243,0.0049324807192408,-0.0036924205812685074,0.0036924205812685074,0.0
0.10025062656641603,1.0453602583638997,1.048605577689243,0.0049324807192408,-0.003245319325343221,0.003245319325343221,0.0
0.10275689223057644,1.0457079306902166,1.048605577689243,0.0049324807192408,-0.002897646999026282,0.002897646999026282,0.0
0.10526315789473684,1.0459499124903013,1.048605577689243,0.0049324807192408,-0.002655665198941559,0.002655665198941559,0.0
0.10776942355889724,1.0461178221364014,1.048605577689243,0.0049324807192408,-0.0024877555528415307,0.0024877555528415307,0.0
0.11027568922305764,1.0462411286962612,1.048605577689243,0.0049324807192408,-0.002364448992981716,0.002364448992981716,0.0
0.11278195488721804,1.0463385912375216,1.048605577689243,0.0049324807192408,-0.002266986451721298,0.002266986451721298,0.0
0.11528822055137844,1.0464207654368614,1.048605577689243,0.0049324807192408,-0.0021848122523815405,0.0021848122523815405,0.0
0.11779448621553884,1.0464923204619465,1.048605577689243,0.0049324807192408,-0.0021132572272963834,0.0021132572272963834,0.0
0.12030075187969924,1.0465599351629407,1.048605577689243,0.0049324807192408,-0.002045642526302238,0.002045642526302238,0.0
0.12280701754385964,1.0466267206803739,1.048605577689243,0.0049324807192408,-0.001978857008869017,0.001978857008869017,0.0
0.12531328320802004,1.0466935624025488,1.048605577689243,0.0049324807192408,-0.0019120152866940465,0.0019120152866940465,0.0
0.12781954887218044,1.0467612650971256,1.048605577689243,0.0049324807192408,-0.0018443125921172587,0.0018443125921172587,0.0
0.13032581453634084,1.0468299328988118,1.048605577689243,0.0049324807192408,-0.00177564479043113,0.00177564479043113,0.0
0.13283208020050125,1.0469052950645876,1.048605577689243,0.0049324807192408,-0.0017002826246552694,0.0017002826246552694,0.0
0.13533834586466165,1.0469840070692353,1.048605577689243,0.0049324807192408,-0.001621570620007562,0.001621570620007562,0.0
0.13784461152882205,1.0470798614433283,1.048605577689243,0.0049324807192408,-0.0015257162459145768,0.0015257162459145768,0.0
0.14035087719298245,1.047182049681292,1.048605577689243,0.0049324807192408,-0.0014235280079508694,0.0014235280079508694,0.0
0.14285714285714285,1.0473006224764931,1.048605577689243,0.0049324807192408,-0.0013049552127497588,0.0013049552127497588,0.0
0.14536340852130325,1.047422892029672,1.048605577689243,0.0049324807192408,-0.0011826856595709145,0.0011826856595709145,0.0
0.14786967418546365,1.0475612035475805,1.048605577689243,0.0049324807192408,-0.001044374141662363,0.001044374141662363,0.0
0.15037593984962405,1.0477010817856183,1.048605577689243,0.0049324807192408,-0.0009044959036246247,0.0009044959036246247,0.0
0.15288220551378445,1.0478552942088037,1.048605577689243,0.0049324807192408,-0.0007502834804391512,0.0007502834804391512,0.0
0.15538847117794485,1.0480096310728801,1.048605577689243,0.0049324807192408,-0.0005959466163627525,0.0005959466163627525,0.0
0.15789473684210525,1.048144886665226,1.048605577689243,0.0049324807192408,-0.0004606910240168016,0.0004606910240168016,0.0
0.16040100250626566,1.0482791447926048,1.048605577689243,0.0049324807192408,-0.00032643289663814024,0.00032643289663814024,0.0
0.16290726817042606,1.0484021742841283,1.048605577689243,0.0049324807192408,-0.00020340340511459942,0.00020340340511459942,0.0
0.16541353383458646,1.0485177881621834,1.048605577689243,0.0049324807192408,-8.778952705945642e-05,8.778952705945642e-05,0.0
0.16791979949874686,1.048633419069899,1.048605577689243,0.0049324807192408,2.7841380656035142e-05,2.7841380656035142e-05,0.0
0.17042606516290726,1.0487420725592762,1.048605577689243,0.0049324807192408,0.00013649487003331018,0.00013649487003331018,0.0
0.17293233082706766,1.0488499685505461,1.048605577689243,0.0049324807192408,0.0002443908613032342,0.0002443908613032342,0.0
0.17543859649122806,1.0489578938836144,1.048605577689243,0.0049324807192408,0.00035231619437148254,0.00035231619437148254,0.0
0.17794486215538846,1.0490678029110319,1.048605577689243,0.0049324807192408,0.00046222522178895886,0.00046222522178895886,0.0
0.18045112781954886,1.0491782285682134,1.048605577689243,0.0049324807192408,0.0005726508789705154,0.0005726508789705154,0.0
0.18295739348370926,1.0492886467377085,1.048605577689243,0.0049324807192408,0.000683069048465601,0.000683069048465601,0.0
0.18546365914786966,1.0494017460266631,1.048605577689243,0.0049324807192408,0.0007961683374202444,0.0007961683374202444,0.0
0.18796992481203006,1.0495217639264196,1.048605577689243,0.0049324807192408,0.0009161862371767082,0.0009161862371767082,0.0
0.19047619047619047,1.0496417925870847,1.048605577689243,0.0049324807192408,0.0010362148978417807,0.0010362148978417807,0.0
0.19298245614035087,1.0497618304538436,1.048605577689243,0.0049324807192408,0.0011562527646007403,0.0011562527646007403,0.0
0.19548872180451127,1.0498896329305807,1.048605577689243,0.0049324807192408,0.0012840552413377893,0.0012840552413377893,0.0
0.19799498746867167,1.0500230411636728,1.048605577689243,0.0049324807192408,0.0014174634744299475,0.0014174634744299475,0.0
0.20050125313283207,1.0501564757796047,1.048605577689243,0.0049324807192408,0.0015508980903617964,0.0015508980903617964,0.0
0.20300751879699247,1.050289939707781,1.048605577689243,0.0049324807192408,0.0016843620185380548,0.0016843620185380548,0.0
0.20551378446115287,1.0504314508331927,1.048605577689243,0.004932480719240801,0.0018258731439497744,0.0018258731439497744,0.0
0.20802005012531327,1.0505740119940175,1.046613545816733,0.004966700520090307,0.003960466177284516,0.003960466177284516,0.0
0.21052631578947367,1.0507165489705985,1.046613545816733,0.0051812913292512,0.004103003153865581,0.004103003153865581,0.0
0.21303258145363407,1.0508604542646935,1.046613545816733,0.0051812913292512,0.004246908447960607,0.004246908447960607,0.0
0.21553884711779447,1.0510104987915652,1.046613545816733,0.0051812913292512,0.0043969529748322245,0.0043969529748322245,0.0
0.21804511278195488,1.0511605669833446,1.046613545816733,0.0051812913292512,0.004547021166611653,0.004547021166611653,0.0
0.22055137844611528,1.0513106549623397,1.046613545816733,0.0051812913292512,0.004697109145606726,0.004697109145606726,0.0
0.22305764411027568,1.0514645318168903,1.046613545816733,0.0051812913292512,0.00485098600015732,0.00485098600015732,0.0
0.22556390977443608,1.0516224082665095,1.046613545816733,0.0051812913292512,0.005008862449776608,0.005008862449776608,0.0
0.22807017543859648,1.0517802671275884,1.046613545816733,0.0051812913292512,0.005166721310855493,0.005166721310855493,0.0
0.23057644110275688,1.0519381043135896,1.046613545816733,0.0051812913292512,0.005324558496856646,0.005324558496856646,0.0001432671676054459
0.23308270676691728,1.0521020892202357,1.046613545816733,0.0051812913292512,0.005488543403502799,0.005488543403502799,0.00030725207425159884
0.23558897243107768,1.0522677726386727,1.046613545816733,0.0051812913292512,0.005654226821939723,0.005654226821939723,0.00047293549268852264
0.23809523809523808,1.0524335088227312,1.046613545816733,0.0051812913292512,0.0058199630059982965,0.0058199630059982965,0.0006386716767470962
0.24060150375939848,1.0525996961244772,1.046613545816733,0.0051812913292512,0.005986150307744298,0.005986150307744298,0.0008048589784930976
0.24310776942355888,1.052770058308158,1.046613545816733,0.0051812913292512,0.006156512491425126,0.006156512491425126,0.0009752211621739254
0.24561403508771928,1.0529405220877623,1.046613545816733,0.0051812913292512,0.006326976271029405,0.006326976271029405,0.001145684941778205
0.24812030075187969,1.0531110804062878,1.046613545816733,0.0051812913292512,0.006497534589554821,0.006497534589554821,0.0013162432603036206
0.2506265664160401,1.0532799126610106,1.046613545816733,0.0051812913292512,0.0066663668442776824,0.0066663668442776824,0.0014850755150264822
0.2531328320802005,1.053446000794692,1.046613545816733,0.0051812913292512,0.006832454977959035,0.006832454977959035,0.0016511636487078346
0.2556390977443609,1.0536122175297482,1.046613545816733,0.0051812913292512,0.00699867171301527,0.00699867171301527,0.0018173803837640695
0.2581453634085213,1.0537785752179625,1.046613545816733,0.0051812913292512,0.007165029401229539,0.007165029401229539,0.0019837380719783387
0.2606516290726817,1.0539306919875153,1.046613545816733,0.0051812913292512,0.007317146170782385,0.007317146170782385,0.0021358548415311845
0.2631578947368421,1.0540765411056972,1.046613545816733,0.0051812913292512,0.007462995288964214,0.007462995288964214,0.0022817039597130134
0.2656641604010025,1.0542225375280676,1.046613545816733,0.0051812913292512,0.007608991711334667,0.007608991711334667,0.002427700382083467
0.2681704260651629,1.0543686769262128,1.046613545816733,0.0051812913292512,0.007755131109479896,0.007755131109479896,0.0025738397802286955
0.2706766917293233,1.0544660955267275,1.046613545816733,0.0051812913292512,0.007852549709994605,0.007852549709994605,0.002671258380743405
0.2731829573934837,1.0545633109333123,1.046613545816733,0.0051812913292512,0.00794976511657941,0.00794976511657941,0.00276847378732821
0.2756892230576441,1.0546606626510875,1.046613545816733,0.0051812913292512,0.00804711683435455,0.00804711683435455,0.0028658255051033504
0.2781954887218045,1.0547401984425908,1.046613545816733,0.0051812913292512,0.008126652625857878,0.008126652625857878,0.0029453612966066772
0.2807017543859649,1.0547769023939395,1.046613545816733,0.0051812913292512,0.00816335657720657,0.00816335657720657,0.0029820652479553705
0.2832080200501253,1.0548135321960423,1.046613545816733,0.0051812913292512,0.00819998637930941,0.00819998637930941,0.0030186950500582094
0.2857142857142857,1.0548500963783742,1.046613545816733,0.0051812913292512,0.008236550561641298,0.008236550561641298,0.003055259232390098
0.2882205513784461,1.0548363747511014,1.046613545816733,0.0051812913292512,0.008222828934368431,0.008222828934368431,0.003041537605117231
0.2907268170426065,1.0547885060123865,1.046613545816733,0.0051812913292512,0.008174960195653558,0.008174960195653558,0.0029936688664023575
0.2932330827067669,1.0547404152181041,1.046613545816733,0.0051812913292512,0.008126869401371195,0.008126869401371195,0.002945578072119995
0.2957393483709273,1.0546920819584424,1.046613545816733,0.0051812913292512,0.008078536141709503,0.008078536141709503,0.0028972448124583022
0.2982456140350877,1.054688136402266,1.046613545816733,0.0051812913292512,0.008074590585533059,0.008074590585533059,0.002893299256281859
0.3007518796992481,1.0546890267429347,1.046613545816733,0.0051812913292512,0.008075480926201806,0.008075480926201806,0.0028941895969506054
0.3032581453634085,1.0546896510569261,1.046613545816733,0.0051812913292512,0.008076105240193199,0.008076105240193199,0.0028948139109419985
0.3057644110275689,1.0545854622339759,1.046613545816733,0.0051812913292512,0.00797191641724293,0.00797191641724293,0.00279062508799173
0.3082706766917293,1.0540607346472868,1.046613545816733,0.0051812913292512,0.007447188830553841,0.007447188830553841,0.002265897501302641
0.3107769423558897,1.0535358093750804,1.046613545816733,0.0049667005200903,0.006922263558347463,0.006922263558347463,0.0019555630382571635
0.3132832080200501,1.053010721408696,1.048605577689243,0.0059952967859256,0.004405143719452997,0.004405143719452997,0.0
0.3157894736842105,1.052933184981073,1.048605577689243,0.0082537654774386,0.004327607291830127,0.004327607291830127,0.0
0.3182957393483709,1.0533018253857964,1.0505976095617529,0.0063975009624203,0.0027042158240435654,0.0027042158240435654,0.0
0.3208020050125313,1.0536700788426256,1.048605577689243,0.0053104398952346,0.00506450115338275,0.00506450115338275,0.0
0.3233082706766917,1.0540378628370186,1.0505976095617529,0.0045656435246293,0.003440253275265759,0.003440253275265759,0.0
0.3258145363408521,1.0525382762465516,1.0505976095617529,0.004848370066909,0.001940666684798753,0.001940666684798753,0.0
0.3283208020050125,1.0505778660846237,1.0525896414342628,0.0048930793435382,-0.0020117753496391444,0.0020117753496391444,0.0
0.3308270676691729,1.048616791954563,1.0565737051792827,0.0057983394217825,-0.007956913224719697,0.007956913224719697,0.002158573802937197
0.3333333333333333,1.0472965673940917,1.058565737051793,0.0065248268976374,-0.011269169657701195,0.011269169657701195,0.004744342760063794
0.3358395989974937,1.0515179760222655,1.0605577689243026,0.0078788052989671,-0.009039792902037158,0.009039792902037158,0.001160987603070058
0.3383458646616541,1.0557362729787698,1.0605577689243026,0.0089567174674434,-0.004821495945532828,0.004821495945532828,0.0
0.3408521303258145,1.0599517250105057,1.0625498007968126,0.009201896788277,-0.002598075786306886,0.002598075786306886,0.0
0.3433583959899749,1.0684106997816671,1.0645418326693226,0.0101924852690284,0.003868867112344576,0.003868867112344576,0.0
0.3458646616541353,1.0831026932067664,1.0665338645418323,0.0120384242246502,0.016568828664934143,0.016568828664934143,0.004530404440283943
0.3483709273182957,1.0978087516595436,1.0705179282868524,0.0130621634518898,0.027290823372691175,0.027290823372691175,0.014228659920801376
0.3508771929824561,1.1125307556619655,1.0745019920318724,0.0102114590800181,0.03802876363009311,0.03802876363009311,0.027817304550075007
0.3533834586466165,1.1435640908371179,1.0824701195219122,0.0039886160950999,0.061093971315205664,0.061093971315205664,0.057105355220105763
0.3558897243107769,1.1813294406513148,1.090438247011952,0.0034555560150273,0.09089119363936282,0.09089119363936282,0.08743563762433552
0.3583959899749373,1.2190339423790506,1.1003984063745018,0.0037186257834931,0.11863553600454879,0.11863553600454879,0.11491691022105568
0.3609022556390977,1.2570084252863758,1.1083665338645416,0.0035590386296155,0.14864189142183415,0.14864189142183415,0.14508285279221864
0.3634085213032581,1.3343525177786484,1.1282868525896417,0.0033704831252666916,0.2060656651890067,0.2060656651890067,0.20269518206374001
0.3659147869674185,1.411790482005797,1.1432270916334661,0.00671862138330085,0.2685633903723308,0.2685633903723308,0.2618447689890299
0.3684210526315789,1.489324974342677,1.1521912350597612,0.009792955704189095,0.3371337392829159,0.3371337392829159,0.3273407835787268
0.37092731829573933,1.5591794881293826,1.1721115537848608,0.007712876807701049,0.3870679343445218,0.3870679343445218,0.37935505753682075
0.37343358395989973,1.6118109223446777,1.1920318725099603,0.003169898536080344,0.41977904983471737,0.41977904983471737,0.416609151298637
0.37593984962406013,1.664614039008102,1.2268924302788853,0.004502996886971237,0.4377216087292166,0.4377216087292166,0.43321861184224536
0.37844611528822053,1.7175743047942604,1.2537848605577695,0.0045551467207010045,0.46378944423649093,0.46378944423649093,0.4592342975157899
0.38095238095238093,1.746064087476861,1.2816733067729091,0.010825788950311138,0.4643907807039518,0.4643907807039518,0.4535649917536406
0.38345864661654133,1.7589821311089469,1.2956175298804784,0.021341467480868834,0.46336460122846845,0.46336460122846845,0.4420231337475996
0.38596491228070173,1.7719158373535486,1.3673306772908382,0.026535791503353317,0.4045851600627104,0.4045851600627104,0.37804936855935706
0.38847117794486213,1.7848663465859604,1.4091633466135467,0.013501211950134023,0.37570299997241374,0.37570299997241374,0.3622017880222797
0.39097744360902253,1.790336547965803,1.4390438247011956,0.009157086368605898,0.3512927232646075,0.3512927232646075,0.34213563689600157
0.39348370927318294,1.7950820796600482,1.4808764940239052,0.007245263521561044,0.314205585636143,0.314205585636143,0.30696032211458196
0.39598997493734334,1.7998160865132191,1.5007968127490043,0.007711184993258211,0.2990192737642148,0.2990192737642148,0.29130808877095654
0.39849624060150374,1.8039138746267913,1.530677290836654,0.003312554288488803,0.2732365837901374,0.2732365837901374,0.26992402950164857
0.40100250626566414,1.8057077571105105,1.5505976095617533,0.005463160199084648,0.25511014754875716,0.25511014754875716,0.2496469873496725
0.40350877192982454,1.8075213990376395,1.5665338645418327,0.009399613824277387,0.2409875344958068,0.2409875344958068,0.2315879206715294
0.40601503759398494,1.8093510510559359,1.5904382470119527,0.013711055675235187,0.21891280404398317,0.21891280404398317,0.205201748368748
0.40852130325814534,1.8050663579058592,1.600398406374502,0.011892829459844175,0.2046679515313572,0.2046679515313572,0.192775122071513
0.41102756892230574,1.7950418990484431,1.6243027888446218,0.008439299095584121,0.17073911020382138,0.17073911020382138,0.16229981110823727
0.41353383458646614,1.7850319199098297,1.6262948207171313,0.005844061802594143,0.1587370991926984,0.1587370991926984,0.15289303739010426
0.41604010025062654,1.7750392311262622,1.6322709163346614,0.0037255082846314536,0.1427683147916008,0.1427683147916008,0.13904280650696935
0.41854636591478694,1.7716319877279614,1.6561752988047815,0.0024173132156439714,0.11545668892317984,0.11545668892317984,0.11303937570753587
0.42105263157894735,1.7696805474555628,1.664143426294821,0.002417313215644201,0.10553712116074188,0.10553712116074188,0.10311980794509767
0.42355889724310775,1.767706486195196,1.6701195219123508,0.0034973165156493235,0.0975869642828453,0.0975869642828453,0.09408964776719597
0.42606516290726815,1.765517211783922,1.6701195219123506,0.002762956456644684,0.09539768987157138,0.09539768987157138,0.0926347334149267
0.42857142857142855,1.7618673821036404,1.6741035856573707,0.0023870956126026918,0.08776379644626964,0.08776379644626964,0.08537670083366694
0.43107769423558895,1.7582250663775423,1.6760956175298807,0.002427302155782703,0.0821294488476616,0.0821294488476616,0.0797021466918789
0.43358395989974935,1.7545895025039542,1.6780876494023906,0.002797766729567508,0.07650185310156354,0.07650185310156354,0.07370408637199603
0.43609022556390975,1.7502391459516506,1.6860557768924307,0.002908023748406702,0.06418336905921995,0.06418336905921995,0.06127534531081325
0.43859649122807015,1.744897898722702,1.6880478087649404,0.0024766426105048943,0.05685008995776153,0.05685008995776153,0.05437344734725663
0.44110275689223055,1.739552038202798,1.6900398406374502,0.002544112149798098,0.04951219756534786,0.04951219756534786,0.04696808541554976
0.44360902255639095,1.7342007675602726,1.6900398406374502,0.0035042282151100212,0.044160926922822474,0.044160926922822474,0.040656698707712456
0.44611528822055135,1.729058387742585,1.69203187250996,0.0058770910266950525,0.03702651523262501,0.03702651523262501,0.03114942420592996
0.44862155388471175,1.7239978761877754,1.69203187250996,0.007912514849361646,0.031966003677815547,0.031966003677815547,0.0240534888284539
0.45112781954887216,1.7189394620824263,1.69203187250996,0.008959418528260505,0.026907589572466417,0.026907589572466417,0.017948171044205912
0.45363408521303256,1.713901291975291,1.69203187250996,0.009506636425150662,0.021869419465331053,0.021869419465331053,0.01236278304018039
0.45614035087719296,1.709629559776944,1.69203187250996,0.010053854322040784,0.017597687266984074,0.017597687266984074,0.007543832944943291
0.45864661654135336,1.7053551875423616,1.69203187250996,0.010017689261237583,0.013323315032401695,0.013323315032401695,0.0033056257711641113
0.46115288220551376,1.7010781528511334,1.69203187250996,0.008959418528260498,0.009046280341173496,0.009046280341173496,8.686181291299791e-05
0.46365914786967416,1.6970282081676282,1.69203187250996,0.008959418528260512,0.004996335657668327,0.004996335657668327,0.0
0.46616541353383456,1.6934528626365717,1.69203187250996,0.00895941852826047,0.0014209901266117875,0.0014209901266117875,0.0
0.46867167919799496,1.6898717887425412,1.69203187250996,0.00791251484936159,-0.002160083767418719,0.002160083767418719,0.0
0.47117794486215536,1.686285291664707,1.69203187250996,0.006882167592060557,-0.005746580845252813,0.005746580845252813,0.0
0.47368421052631576,1.6829899225833829,1.69203187250996,0.004018833315626236,-0.009041949926577031,0.009041949926577031,0.0050231166109507945
0.47619047619047616,1.6798709664549527,1.69003984063745,0.0032161953401440837,-0.010168874182497234,0.010168874182497234,0.00695267884235315
0.47869674185463656,1.6767565613961075,1.69003984063745,0.002591229340573789,-0.013283279241342427,0.013283279241342427,0.010692049900768639
0.48120300751879697,1.6736469516911714,1.68804780876494,0.0022189962362887923,-0.014400857073768591,0.014400857073768591,0.0121818608374798
0.48370927318295737,1.670813955729689,1.6860557768924302,0.0025536051385620074,-0.015241821162741198,0.015241821162741198,0.01268821602417919
0.48621553884711777,1.6680012536431148,1.6860557768924305,0.002251471078091893,-0.018054523249315668,0.018054523249315668,0.015803052171223776
0.48872180451127817,1.6651871422639786,1.6820717131474103,0.002387095612602603,-0.01688457088343176,0.01688457088343176,0.014497475270829157
0.49122807017543857,1.6624326985875406,1.6780876494023904,0.0023769377128497,-0.0156549508148498,0.0156549508148498,0.0132780131020001
0.49373433583959897,1.6598819450309517,1.6760956175298805,0.0026190928227674054,-0.0162136724989288,0.0162136724989288,0.013594579676161393
0.49624060150375937,1.6573329991079617,1.6760956175298805,0.002325482751186594,-0.01876261842191873,0.01876261842191873,0.016437135670732135
0.49874686716791977,1.654785495456299,1.6741035856573705,0.0028913348085993127,-0.019318090201071447,0.019318090201071447,0.016426755392472136
0.5012531328320802,1.6523861849954153,1.6731075697211155,0.0028903662591092,-0.020721384725700176,0.020721384725700176,0.017831018466590975
0.5037593984962405,1.6501180329130114,1.6711155378486053,0.00284791778044505,-0.020997504935593936,0.020997504935593936,0.018149587155148885
0.506265664160401,1.6478513934236931,1.6701195219123506,0.002806401832599206,-0.022268128488657446,0.022268128488657446,0.01946172665605824
0.5087719298245614,1.6455865312450495,1.6681274900398406,0.0036859482976513,-0.02254095879479112,0.02254095879479112,0.01885501049713982
0.5112781954887218,1.6435539590663182,1.6681274900398406,0.0035861297046895,-0.02457353097352244,0.02457353097352244,0.020987401268832938
0.5137844611528821,1.6415684385477136,1.6681274900398406,0.0033052417976978,-0.026559051492127006,0.026559051492127006,0.023253809694429205
0.5162907268170426,1.6395832610045316,1.6661354581673309,0.003795904186480698,-0.02655219716279933,0.02655219716279933,0.02275629297631863
0.518796992481203,1.6376301400783353,1.6661354581673309,0.003699053932945511,-0.02850531808899559,0.02850531808899559,0.02480626415605008
0.5213032581453634,1.6358827437875776,1.6641434262948207,0.0033052417976977074,-0.028260682507243118,0.028260682507243118,0.02495544070954541
0.5238095238095237,1.634137739222083,1.6621513944223107,0.002563062967746,-0.028013655200227694,0.028013655200227694,0.025450592232481695
0.5263157894736842,1.632394847473134,1.6581673306772908,0.002476642610505,-0.025772483204156815,0.025772483204156815,0.023295840593651813
0.5288220551378446,1.6307349846457069,1.6561752988047809,0.0026557894317947,-0.025440314159073996,0.025440314159073996,0.022784524727279296
0.531328320802005,1.6291823022530663,1.6561752988047809,0.00243905874630855,-0.02699299655171461,0.02699299655171461,0.02455393780540606
0.5338345864661653,1.6276321414213735,1.6462151394422309,0.0024766426105048,-0.01858299802085739,0.01858299802085739,0.016106355410352588
0.5363408521303258,1.626085039874154,1.6462151394422309,0.0024766426105048,-0.020130099568076876,0.020130099568076876,0.017653456957572075
0.5388471177944862,1.6246658116786155,1.6482071713147408,0.0022940558640203003,-0.02354135963612536,0.02354135963612536,0.02124730377210506
0.5413533834586466,1.6232911491751245,1.6482071713147408,0.0025441121497981,-0.0249160221396163,0.0249160221396163,0.022371909989818202
0.5438596491228069,1.6219147696146563,1.6322709163346611,0.0030302624829212,-0.010356146720004844,0.010356146720004844,0.007325884237083644
0.5463659147869674,1.620544046338858,1.6322709163346611,0.0033704831252668,-0.01172686999580308,0.01172686999580308,0.008356386870536279
0.5488721804511278,1.6193545429478693,1.6322709163346611,0.0032237098254815,-0.012916373386791857,0.012916373386791857,0.009692663561310357
0.5513784461152882,1.6181642062945292,1.6302788844621512,0.0040188333156262,-0.012114678167622017,0.012114678167622017,0.008095844851995817
0.5538847117794485,1.616973045181038,1.6302788844621512,0.0040188333156262,-0.013305839281113174,0.013305839281113174,0.009287005965486974
0.556390977443609,1.6158494932925087,1.6302788844621512,0.0038653857369328,-0.01442939116964248,0.01442939116964248,0.01056400543270968
0.5588972431077694,1.6148581070767882,1.6302788844621512,0.0040188333156264,-0.01542077738536296,0.01542077738536296,0.011401944069736561
0.5614035087719298,1.6138665241308208,1.6302788844621512,0.0044475233770384,-0.016412360331330422,0.016412360331330422,0.011964836954292023
0.5639097744360901,1.6128747485565929,1.6302788844621512,0.004137495942909599,-0.017404135905558338,0.017404135905558338,0.013266639962648739
0.5664160401002506,1.6120152041953966,1.6282868525896412,0.0046183359041314,-0.016271648394244664,0.016271648394244664,0.011653312490113265
0.568922305764411,1.6112297504720718,1.6282868525896412,0.0046183359041314,-0.01705710211756939,0.01705710211756939,0.01243876621343799
0.5714285714285714,1.6104445561816991,1.6282868525896412,0.0049471753318942,-0.017842296407942104,0.017842296407942104,0.012895121076047903
0.5739348370927317,1.609659630294437,1.6282868525896412,0.0054808475305034,-0.018627222295204193,0.018627222295204193,0.013146374764700793
0.5764411027568922,1.6090578602778982,1.6282868525896412,0.0054808475305034,-0.01922899231174302,0.01922899231174302,0.01374814478123962
0.5789473684210527,1.6084665184623186,1.6262948207171313,0.0052554791413928,-0.01782830225481269,0.01782830225481269,0.012572823113419888
0.581453634085213,1.6078744225487323,1.6262948207171313,0.0052554791413928,-0.01842039816839902,0.01842039816839902,0.01316491902700622
0.5839598997493733,1.6073206196039147,1.624302788844621,0.0057648590153339,-0.01698216924070639,0.01698216924070639,0.011217310225372491
0.5864661654135338,1.606886761820804,1.624302788844621,0.0057648590153339,-0.01741602702381706,0.01741602702381706,0.01165116800848316
0.5889724310776943,1.6064548869465596,1.624302788844621,0.0059912595485747,-0.017847901898061513,0.017847901898061513,0.011856642349486813
0.5914786967418546,1.6060245783159983,1.624302788844621,0.0073348785243014,-0.018278210528622774,0.018278210528622774,0.010943332004321373
0.593984962406015,1.6056760432901585,1.624302788844621,0.0078757336398644,-0.018626745554462643,0.018626745554462643,0.010751011914598242
0.5964912280701754,1.6053962780980053,1.6223107569721114,0.0073150589559222,-0.01691447887410602,0.01691447887410602,0.00959941991818382
0.5989974937343359,1.6051196326902373,1.6203187250996014,0.0076450068651713,-0.015199092409364123,0.015199092409364123,0.007554085544192823
0.6015037593984962,1.6048471659137373,1.6043824701195215,0.0077268581496593,0.0004646957942158192,0.0004646957942158192,0.0
0.6040100250626566,1.60430624998424,1.6043824701195213,0.0080939141098593,-7.622013528130189e-05,7.622013528130189e-05,0.0
0.606516290726817,1.603660097990617,1.6023904382470118,0.0075654686335353,0.001269659743605267,0.001269659743605267,0.0
0.6090225563909775,1.6030169360519724,1.6023904382470118,0.0075654686335353,0.0006264978049606018,0.0006264978049606018,0.0
0.6115288220551378,1.6023770703709068,1.6003984063745018,0.0070865642287839,0.0019786639964050057,0.0019786639964050057,0.0
0.6140350877192982,1.6023405373067425,1.6003984063745018,0.0066460756052844,0.0019421309322407154,0.0019421309322407154,0.0
0.6165413533834586,1.6033749751042408,1.6003984063745018,0.0063671718981541,0.0029765687297389487,0.0029765687297389487,0.0
0.6190476190476191,1.6044013214539397,1.598406374501992,0.006197709639155,0.005994946951947577,0.005994946951947577,0.0
0.6215538847117794,1.6054229775206077,1.598406374501992,0.006197709639155,0.007016603018615619,0.007016603018615619,0.0008188933794606194
0.6240601503759398,1.606432521688184,1.596414342629482,0.0057480456830921,0.01001817905870217,0.01001817905870217,0.0042701333756100706
0.6265664160401002,1.6064169568670206,1.596414342629482,0.0057690546920285,0.010002614237538676,0.010002614237538676,0.0042335595455101765
0.6290726817042607,1.602780787856752,1.596414342629482,0.0063671718981542,0.0063664452272700345,0.0063664452272700345,0.0
0.631578947368421,1.599144603222863,1.592430278884462,0.0078695867248674,0.006714324338400912,0.006714324338400912,0.0
0.6340852130325814,1.5955083912204278,1.592430278884462,0.0090427512475843,0.003078112335965777,0.003078112335965777,0.0
0.6365914786967418,1.5918721555294042,1.590438247011952,0.0090427512475843,0.001433908517452176,0.001433908517452176,0.0
0.6390977443609023,1.5882359005348028,1.590438247011952,0.009149155865067302,-0.0022023464771492307,0.0022023464771492307,0.0
0.6416040100250626,1.5850987050327052,1.586454183266932,0.0085927276323351,-0.0013554782342268812,0.0013554782342268812,0.0
0.644110275689223,1.5821816808494542,1.586454183266932,0.0073809172185726,-0.004272502417477897,0.004272502417477897,0.0
0.6466165413533834,1.5792672952449784,1.5824701195219122,0.0070933897196308,-0.0032028242769337467,0.0032028242769337467,0.0
0.6491228070175439,1.5763535011522118,1.5804780876494022,0.007891079978735,-0.004124586497190386,0.004124586497190386,0.0
0.6516290726817042,1.5734427836966618,1.5784860557768925,0.007475381167719,-0.0050432720802306985,0.0050432720802306985,0.0
0.6541353383458646,1.5702746764944235,1.5745019920318724,0.0060714942507748,-0.004227315537448817,0.004227315537448817,0.0
0.656641604010025,1.5658243869394683,1.5725099601593624,0.0058729725321274,-0.006685573219894048,0.006685573219894048,0.0008126006877666476
0.6591478696741855,1.5613758047926423,1.5685258964143425,0.0049471753318941,-0.007150091621700216,0.007150091621700216,0.0022029162898061167
0.6616541353383458,1.5569310219576304,1.5665338645418323,0.0050440455215337,-0.009602842584201854,0.009602842584201854,0.0045587970626681535
0.6641604010025062,1.5524889795163892,1.5645418326693226,0.0051625778005575,-0.012052853152933363,0.012052853152933363,0.006890275352375862
0.6666666666666666,1.5480497034013205,1.558565737051793,0.0052462630376042,-0.010516033650472378,0.010516033650472378,0.005269770612868178
0.6691729323308271,1.5428526577382105,1.5545816733067728,0.0050870353232277,-0.011729015568562318,0.011729015568562318,0.006641980245334618
0.6716791979949874,1.5372302941075313,1.548605577689243,0.0057438346600485,-0.011375283581711582,0.011375283581711582,0.005631448921663082
0.6741854636591478,1.5316078162650646,1.544621513944223,0.0058274769892963,-0.013013697679158387,0.013013697679158387,0.007186220689862087
0.6766917293233082,1.5259853068357008,1.540637450199203,0.0065359424540728,-0.01465214336350229,0.01465214336350229,0.00811620090942949
0.6791979949874687,1.520362655845461,1.5346613545816732,0.0068079355706016,-0.014298698736212145,0.014298698736212145,0.007490763165610545
0.681704260651629,1.5146075039361269,1.5346613545816732,0.006878650899142,-0.020053850645546323,0.020053850645546323,0.013175199746404322
0.6842105263157894,1.5078206043207163,1.528685258964143,0.0100394039310695,-0.020864654643426794,0.020864654643426794,0.010825250712357294
0.6867167919799498,1.5010341019432758,1.5266932270916334,0.0098643482318641,-0.025659125148357553,0.025659125148357553,0.015794776916493454
0.6892230576441103,1.4942487500414132,1.5227091633466134,0.0109058170782268,-0.028460413305200216,0.028460413305200216,0.017554596226973418
0.6917293233082706,1.4874640857074979,1.5187250996015935,0.0109501003466884,-0.031261013894095635,0.031261013894095635,0.020310913547407237
0.694235588972431,1.480680281519184,1.502788844621514,0.0101234071015679,-0.022108563102330114,0.022108563102330114,0.011985156000762213
0.6967418546365914,1.473428550110338,1.498804780876494,0.0096058595895264,-0.025376230766156027,0.025376230766156027,0.015770371176629626
0.6992481203007519,1.4658477638580991,1.494820717131474,0.0093453997246665,-0.028972953273374902,0.028972953273374902,0.019627553548708404
0.7017543859649122,1.458266816589619,1.488844621513944,0.0079277899887714,-0.030577804924324825,0.030577804924324825,0.022650014935553426
0.7042606516290726,1.450685809768875,1.4848605577689242,0.0077456240744431,-0.03417474800004916,0.03417474800004916,0.02642912392560606
0.706766917293233,1.4431046005550967,1.4788844621513944,0.0092856592031031,-0.035779861596297646,0.035779861596297646,0.026494202393194548
0.7092731829573935,1.4354999121226197,1.4749003984063744,0.0092412549524505,-0.0394004862837547,0.0394004862837547,0.0301592313313042
0.7117794486215538,1.4275306345483927,1.4689243027888446,0.0074299278315145,-0.041393668240451875,0.041393668240451875,0.033963740408937376
0.7142857142857142,1.4195616332828171,1.4649402390438246,0.006635144552482,-0.045378605761007496,0.045378605761007496,0.038743461208525495
0.7167919799498746,1.4115937146270952,1.4569721115537848,0.005324091434199,-0.04537839692668966,0.04537839692668966,0.04005430549249066
0.7192982456140351,1.403626327187561,1.450996015936255,0.005000686159602299,-0.04736968874869385,0.04736968874869385,0.04236900258909155
0.7218045112781954,1.3956597674503453,1.447011952191235,0.0049275727770106,-0.05135218474088976,0.05135218474088976,0.04642461196387916
0.7243107769423558,1.387633619772199,1.4410358565737051,0.0060555323585482,-0.05340223680150613,0.05340223680150613,0.04734670444295793
0.7268170426065163,1.3795554223684,1.4350597609561753,0.0061703206367813,-0.05550433858777537,0.05550433858777537,0.04933401795099407
0.7293233082706767,1.371478703498728,1.4270916334661354,0.0051625778005571,-0.05561292996740752,0.05561292996740752,0.05045035216685042
0.731829573934837,1.3634026912122454,1.4231075697211155,0.0052185170711696,-0.059704878508870074,0.059704878508870074,0.05448636143770047
0.7343358395989974,1.3553285673581303,1.4151394422310757,0.003455556015027,-0.05981087487294534,0.05981087487294534,0.05635531885791834
0.7368421052631579,1.347255244485996,1.4091633466135458,0.0038213163811309,-0.061908102127549824,0.061908102127549824,0.05808678574641892
0.7393483709273183,1.3392526356083034,1.401195219123506,0.0052876090074995,-0.06194258351520254,0.06194258351520254,0.05665497450770304
0.7418546365914787,1.3312497072522467,1.393227091633466,0.0058770910266949,-0.06197738438121925,0.06197738438121925,0.05610029335452435
0.744360902255639,1.323244967476818,1.3872509960159365,0.0048183334118816,-0.06400602853911841,0.06400602853911841,0.05918769512723681
0.7468671679197995,1.3152395085177906,1.3772908366533865,0.0033052417976977,-0.062051328135595885,0.062051328135595885,0.058746086337898185
0.7493734335839599,1.307232637844626,1.3733067729083666,0.0033632965859063,-0.0660741350637406,0.0660741350637406,0.0627108384778343
0.7518796992481203,1.299315342535487,1.3653386454183267,0.0035590386296154,-0.06602330288283964,0.06602330288283964,0.06246426425322424
0.7543859649122806,1.29149494411002,1.3593625498007968,0.0028913348085994,-0.06786760569077677,0.06786760569077677,0.06497627088217736
0.7568922305764411,1.2836735450095074,1.353386454183267,0.0046235721143216,-0.06971290917375961,0.06971290917375961,0.06508933705943801
0.7593984962406015,1.2758515409292992,1.3454183266932271,0.00550287674924,-0.06956678576392794,0.06956678576392794,0.06406390901468795
0.7619047619047619,1.2680282349834364,1.3434262948207172,0.0037767328306516,-0.07539805983728076,0.07539805983728076,0.07162132700662917
0.7644110275689222,1.260204625248488,1.3414342629482072,0.0039151433535444,-0.08122963769971925,0.08122963769971925,0.07731449434617485
0.7669172932330827,1.252619580814717,1.3334661354581674,0.0079491258712292,-0.08084655464345047,0.08084655464345047,0.07289742877222127
0.7694235588972431,1.2450462222180465,1.3135458167330678,0.0118704285625495,-0.0684995945150213,0.0684995945150213,0.0566291659524718
0.7719298245614035,1.2374737670999458,1.305577689243028,0.0116896761221111,-0.06810392214308214,0.06810392214308214,0.05641424602097104
0.7744360902255638,1.2299015961366206,1.297609561752988,0.0107223437345877,-0.06770796561636727,0.06770796561636727,0.05698562188177957
0.7769423558897243,1.2223301410536924,1.2876494023904383,0.0086152254031462,-0.06531926133674593,0.06531926133674593,0.056704035933599725
0.7794486215538847,1.2148786721031481,1.2836653386454184,0.0074331837159094,-0.06878666654227028,0.06878666654227028,0.06135348282636088
0.7819548872180451,1.207588210772231,1.2776892430278886,0.0066314968641625,-0.07010103225565745,0.07010103225565745,0.06346953539149494
0.7844611528822054,1.2002980743342768,1.2737051792828684,0.0063175766344716,-0.0734071049485916,0.0734071049485916,0.06708952831411999
0.7869674185463659,1.1930081831135992,1.2677290836653383,0.0060515353070513,-0.07472090055173908,0.07472090055173908,0.06866936524468778
0.7894736842105263,1.1857187237278355,1.2637450199203186,0.0068398479434799,-0.07802629619248314,0.07802629619248314,0.07118644824900323
0.7919799498746867,1.1784294026173978,1.2567729083665338,0.0065293218266049505,-0.07834350574913596,0.07834350574913596,0.071814183922531
0.794486215538847,1.17140416528553,1.2517928286852589,0.0064950924135538,-0.08038866339972883,0.08038866339972883,0.07389357098617504
0.7969924812030075,1.1644081589619328,1.243824701195219,0.0054852604519346,-0.0794165422332862,0.0794165422332862,0.07393128178135161
0.7994987468671679,1.157411914764122,1.2338645418326692,0.0054231527919097,-0.07645262706854727,0.07645262706854727,0.07102947427663757
0.8020050125313283,1.150415613197095,1.2258964143426294,0.0074980045087518,-0.07548080114553435,0.07548080114553435,0.06798279663678256
0.8045112781954886,1.14341912039241,1.2199203187250995,0.0090774695578616,-0.07650119833268954,0.07650119833268954,0.06742372877482794
0.8070175438596491,1.1365331693674774,1.2139442231075697,0.008347047794917298,-0.07741105374009227,0.07741105374009227,0.06906400594517498
0.8095238095238095,1.129832524052754,1.2019920318725101,0.008352843350411601,-0.07215950781975611,0.07215950781975611,0.0638066644693445
0.8120300751879699,1.123131882599742,1.19800796812749,0.0076891889032376,-0.07487608552774794,0.07487608552774794,0.06718689662451034
0.8145363408521302,1.1164312447618532,1.1940239043824703,0.0076418412307223,-0.07759265962061712,0.07759265962061712,0.06995081838989482
0.8170426065162907,1.1097306121881494,1.1880478087649404,0.0063405149609522,-0.07831719657679104,0.07831719657679104,0.07197668161583884
0.8195488721804511,1.1030299818270946,1.1840637450199205,0.0063405149609522,-0.08103376319282596,0.08103376319282596,0.07469324823187376
0.8220551378446115,1.096579176621462,1.1760956175298802,0.0062133062907787,-0.07951644090841814,0.07951644090841814,0.07330313461763945
0.8245614035087718,1.0901735229665448,1.1721115537848603,0.0065136923726335,-0.08193803081831552,0.08193803081831552,0.07542433844568203
0.8270676691729323,1.083767638040566,1.1661354581673309,0.0055944523010802,-0.0823678201267648,0.0823678201267648,0.0767733678256846
0.8295739348370927,1.0773617092845793,1.1581673306772908,0.005815007338082399,-0.08080562139271152,0.08080562139271152,0.07499061405462912
0.8320802005012531,1.0709555883248465,1.154183266932271,0.0064163838280498,-0.08322767860742442,0.08322767860742442,0.07681129477937462
0.8345864661654134,1.0646431504197138,1.1442231075697211,0.0061585452049871,-0.07957995715000732,0.07957995715000732,0.07342141194502022
0.8370927318295739,1.0585295596958753,1.1362549800796813,0.0060234816810466,-0.07772542038380603,0.07772542038380603,0.07170193870275943
0.8395989974937343,1.0524161853873437,1.1262948207171315,0.0080819474958713,-0.07387863532978778,0.07387863532978778,0.06579668783391648
0.8421052631578947,1.046303061969661,1.116334661354582,0.0076259933471561,-0.07003159938492098,0.07003159938492098,0.062405606037764884
0.844611528822055,1.0401902426299827,1.1043824701195215,0.0094637494878645,-0.06419222748953879,0.06419222748953879,0.05472847800167429
0.8471177944862155,1.034077586518455,1.096414342629482,0.0094841813011232,-0.06233675611102685,0.06233675611102685,0.052852574809903644
0.849624060150376,1.028192147001576,1.090438247011952,0.0074331837159093,-0.062246100010376004,0.062246100010376004,0.054812916294466704
0.8521303258145363,1.0223658072732005,1.0804780876494022,0.0057690546920286,-0.05811228037620175,0.05811228037620175,0.052343225684173156
0.8546365914786966,1.0165388863994131,1.0764940239043823,0.0071815307985841,-0.05995513750496917,0.05995513750496917,0.05277360670638507
0.8571428571428571,1.010711849116682,1.0705179282868524,0.0101425101393894,-0.059806079170170445,0.059806079170170445,0.04966356903078105
0.8596491228070176,1.004884268230276,1.0665338645418323,0.0115459707390499,-0.0616495963115562,0.0616495963115562,0.0501036255725063
0.8621553884711779,0.9991315653614746,1.0625498007968126,0.009201896788277,-0.06341823543533798,0.06341823543533798,0.05421633864706098
0.8646616541353382,0.9935845432199654,1.058565737051793,0.0066351445524828,-0.06498119383182754,0.06498119383182754,0.058346049279344746
0.8671679197994987,0.9880378052196894,1.0565737051792827,0.0055204368313646,-0.0685358999595933,0.0685358999595933,0.0630154631282287
0.8696741854636592,0.9824914765545483,1.048605577689243,0.004160822390989,-0.06611410113469463,0.06611410113469463,0.061953278743705625
0.8721804511278195,0.9769455621101517,1.044621513944223,0.0029411175449239,-0.06767595183407127,0.06767595183407127,0.06473483428914736
0.8746867167919798,0.9713999269213793,1.0346613545816732,0.0040726593738306,-0.06326142766029386,0.06326142766029386,0.05918876828646326
0.8771929824561403,0.9660601378022324,1.0306772908366533,0.0047678518369023,-0.06461715303442084,0.06461715303442084,0.05984930119751854
0.8796992481203008,0.9607926067419501,1.0227091633466134,0.0061938043396875,-0.06191655660466333,0.06191655660466333,0.05572275226497583
0.8822055137844611,0.9555245144662368,1.0187250996015935,0.0078264231420899,-0.06320058513535676,0.06320058513535676,0.055374161993266856
0.8847117794486214,0.950256302969255,1.0067729083665338,0.005273863033619,-0.05651660539727876,0.05651660539727876,0.05124274236365976
0.8872180451127819,0.9449875008362303,1.002788844621514,0.0031935457953731,-0.05780134378528379,0.05780134378528379,0.05460779798991069
0.8897243107769424,0.9397767668591979,0.996812749003984,0.0023150545248711,-0.05703598214478611,0.05703598214478611,0.05472092761991501
0.8922305764411027,0.9347799325460526,0.990836653386454,0.0031477578225622,-0.056056720840401364,0.056056720840401364,0.052908963017839164
0.894736842105263,0.9297832594360915,0.9848605577689242,0.0031477578225623,-0.0550772983328327,0.0550772983328327,0.051929540510270406
0.8972431077694235,0.9247868774740073,0.9788844621513944,0.0030302624829211,-0.05409758467738701,0.05409758467738701,0.051067322194465914
0.899749373433584,0.9197907415700037,0.9768924302788844,0.0035590386296149995,-0.05710168870888066,0.05710168870888066,0.05354265007926566
0.9022556390977443,0.914794811958981,0.9729083665338646,0.008373096204337287,-0.05811355457488354,0.05811355457488354,0.049740458370546255
0.9047619047619047,0.9099755022571281,0.9689243027888447,0.010461926297172106,-0.05894880053171658,0.05894880053171658,0.04848687423454448
0.9072681704260651,0.9052367248782924,0.9649402390438249,0.011057844892953275,-0.059703514165532434,0.059703514165532434,0.048645669272579156
0.9097744360902256,0.9004978327326048,0.9609561752988048,0.0114533910741583,-0.060458342566200085,0.060458342566200085,0.04900495149204179
0.9122807017543859,0.8957589146395523,0.9589641434262948,0.011751608614485688,-0.0632052287867425,0.0632052287867425,0.05145362017225682
0.9147869674185463,0.8910198606162661,0.9509960159362553,0.014095666225800297,-0.05997615531998912,0.05997615531998912,0.04588048909418883
0.9172932330827067,0.8863190538510467,0.9490039840637451,0.014707233013024472,-0.06268493021269839,0.06268493021269839,0.047977697199673916
0.9197994987468672,0.8818188224958735,0.9310756972111554,0.0131856898352288,-0.04925687471528184,0.04925687471528184,0.03607118488005304
0.9223057644110275,0.8773186596776654,0.9290836653386455,0.010636246395741412,-0.05176500566098008,0.05176500566098008,0.041128759265238665
0.9248120300751879,0.8728186544980231,0.9250996015936257,0.008640465375399189,-0.0522809470956026,0.0522809470956026,0.04364048172020341
0.9273182957393483,0.8683187602827939,0.917131474103586,0.005590125577849336,-0.04881271382079211,0.04881271382079211,0.04322258824294277
0.9298245614035088,0.8638189812786818,0.9131474103585655,0.004496220339992399,-0.04932842907988366,0.04932842907988366,0.044832208739891265
0.9323308270676691,0.8594603069948079,0.9071713147410362,0.003223709825481256,-0.04771100774622827,0.04771100774622827,0.044487297920747015
0.9348370927318295,0.8551832774733954,0.9051792828685261,0.003370483125266794,-0.049996005395130716,0.049996005395130716,0.046625522269863925
0.9373433583959899,0.850905801015484,0.8992031872509962,0.0025630629677460357,-0.048297386235512274,0.048297386235512274,0.04573432326776624
0.9398496240601504,0.8466281957778408,0.8952191235059761,0.0024766426105049,-0.048590927728135336,0.048590927728135336,0.04611428511763044
0.9423558897243107,0.8423500356131621,0.8912350597609563,0.0023462001559854057,-0.048885024147794165,0.048885024147794165,0.04653882399180876
0.9448621553884711,0.8380944234414673,0.8832669322709167,0.0027717000115913813,-0.04517250882944934,0.04517250882944934,0.04240080881785796
0.9473684210526315,0.834027648632029,0.8792828685258967,0.0030934820670117857,-0.045255219893867604,0.045255219893867604,0.04216173782685582
0.949874686716792,0.8299610814720902,0.8733067729083664,0.0037767328306517,-0.0433456914362762,0.0433456914362762,0.0395689586056245
0.9523809523809523,0.825895138467609,0.8693227091633466,0.003216195340144325,-0.04342757069573766,0.04342757069573766,0.04021137535559333
0.9548872180451127,0.821829559152228,0.8673306772908367,0.0033343955423744943,-0.04550111813860869,0.04550111813860869,0.04216672259623419
0.9573934837092731,0.8177644479527031,0.8633466135458168,0.003626386865254987,-0.04558216559311368,0.04558216559311368,0.04195577872785869
0.9598997493734336,0.8138162869430023,0.8613545816733067,0.0037445624590088,-0.047538294730304353,0.047538294730304353,0.04379373227129555
0.9624060150375939,0.8099527825627214,0.8573705179282869,0.0030620354353210304,-0.04741773536556548,0.04741773536556548,0.04435569993024445
0.9649122807017543,0.8060885700843923,0.853386454183267,0.00395205046987596,-0.0472978840988747,0.0472978840988747,0.04334583362899874
0.9674185463659147,0.8022240862360273,0.8474103585657372,0.003370483125267026,-0.04518627232970995,0.04518627232970995,0.04181578920444293
0.9699248120300752,0.7983587105598359,0.8434262948207171,0.0035793761587621,-0.0450675842608812,0.0450675842608812,0.0414882081021191
0.9724310776942355,0.7945034035460636,0.8354581673306776,0.00401883331562628,-0.040954763784613935,0.040954763784613935,0.03693593046898765
0.9749373433583959,0.7908281558502137,0.8314741035856574,0.0042585345729881895,-0.04064594773544372,0.04064594773544372,0.03638741316245553
0.9774436090225563,0.7871531088331516,0.8254980079681278,0.003101293902851251,-0.038344899134976185,0.038344899134976185,0.035243605232124935
0.9799498746867168,0.7834788836002373,0.8215139442231075,0.0024372501571254,-0.03803506062287021,0.03803506062287021,0.03559781046574481
0.9824561403508771,0.7798050508462289,0.8175298804780877,0.0022621924295746078,-0.03772482963185886,0.03772482963185886,0.03546263720228425
0.9849624060150375,0.7761318480762505,0.8115537848605581,0.002466853470968291,-0.035421936784307606,0.035421936784307606,0.032955083313339316
0.9874686716791979,0.7725533923766741,0.8095617529880479,0.002208065153867511,-0.0370083606113738,0.0370083606113738,0.03480029545750629
0.9899749373433584,0.7690600733967734,0.8075697211155377,0.0022080651538675,-0.038509647718764306,0.038509647718764306,0.03630158256489681
0.9924812030075187,0.7655661148778293,0.803585657370518,0.0022080651538675,-0.038019542492688685,0.038019542492688685,0.03581147733882119
0.9949874686716791,0.7620718407323648,0.7896414342629487,0.0027365581781671764,-0.02756959353058397,0.02756959353058397,0.024833035352416793
0.9974937343358395,0.7585767478817381,0.7677290836653394,0.004212834690064834,-0.009152335783601306,0.009152335783601306,0.004939501093536473
1.0,0.7550815185707094,0.8832669322709163,0.07281890851562334,-0.12818541370020697,0.12818541370020697,0.055366505184583636
